ID,Symbol,,docomo,,,au,,,softbank,,Google,
,unified+proposed,unified,UTF8,SJIS,JIS,UTF8,SJIS,JIS,UTF8,SJIS,UTF16,Surrogate Pair
e-000,U+2600,U+2600,U+E63E,SJIS-F89F,JIS-F89F,U+E488,SJIS-F660,JIS-F660,U+E04A,SJIS-F98B,U+FE000,\udbb8\udc00
e-001,U+2601,U+2601,U+E63F,SJIS-F8A0,JIS-F8A0,U+E48D,SJIS-F665,JIS-F665,U+E049,SJIS-F98A,U+FE001,\udbb8\udc01
e-002,U+2614,U+2614,U+E640,SJIS-F8A1,JIS-F8A1,U+E48C,SJIS-F664,JIS-F664,U+E04B,SJIS-F98C,U+FE002,\udbb8\udc02
e-003,U+26C4,U+26C4,U+E641,SJIS-F8A2,JIS-F8A2,U+E485,SJIS-F65D,JIS-F65D,U+E048,SJIS-F989,U+FE003,\udbb8\udc03
e-004,U+26A1,U+26A1,U+E642,SJIS-F8A3,JIS-F8A3,U+E487,SJIS-F65F,JIS-F65F,U+E13D,SJIS-F77D,U+FE004,\udbb8\udc04
e-005,U+1F30,null,U+E643,SJIS-F8A4,JIS-F8A4,U+E469,SJIS-F641,JIS-F641,U+E443,SJIS-FB84,U+FE005,\udbb8\udc05
e-006,U+1F30,null,U+E644,SJIS-F8A5,JIS-F8A5,U+E598,SJIS-F7B5,JIS-F7B5,null,null,U+FE006,\udbb8\udc06
e-007,U+1F30,null,U+E645,SJIS-F8A6,JIS-F8A6,U+EAE8,SJIS-F3BC,JIS-F3BC,U+E43C,SJIS-FB7C,U+FE007,\udbb8\udc07
e-008,U+1F30,null,U+E6B3,SJIS-F957,JIS-F957,U+EAF1,SJIS-F3C5,JIS-F3C5,U+E44B,SJIS-FB8C,U+FE008,\udbb8\udc08
e-009,U+1F30,null,U+E63E,SJIS-F89F,JIS-7541,U+EAF4,SJIS-F3C8,JIS-7A4A,U+E04D,SJIS-F98E,U+FE009,\udbb8\udc09
e-00A,U+1F30,null,U+E63E,SJIS-F89F,JIS-7541,U+EAF4,SJIS-F3C8,JIS-F3C8,U+E449,SJIS-FB8A,U+FE00A,\udbb8\udc0a
e-00B,U+1F30,null,null,null,null,U+E5DA,SJIS-F34D,JIS-F34D,U+E146,SJIS-F787,U+FE00B,\udbb8\udc0b
e-00C,U+1F30,null,U+E63E,SJIS-F89F,JIS-7541,U+E5DA,SJIS-F34D,JIS-792E,U+E44A,SJIS-FB8B,U+FE00C,\udbb8\udc0c
e-00D,U+1F30,null,null,null,null,U+EAF2,SJIS-F3C6,JIS-F3C6,U+E44C,SJIS-FB8D,U+FE00D,\udbb8\udc0d
e-00E,U+2744,U+2744,null,null,null,U+E48A,SJIS-F662,JIS-F662,null,null,U+FE00E,\udbb8\udc0e
e-00F,U+26C5,U+26C5,U+E63E+U+E63F,SJIS-F89F+SJIS-F8A0,JIS-7541+JIS-7546,U+E48E,SJIS-F666,JIS-F666,U+E04A+U+E049,SJIS-F98B+SJIS-F98A,U+FE00F,\udbb8\udc0f
e-010,U+1F30,null,U+E6B3,SJIS-F957,JIS-7A47,U+E4BF,SJIS-F698,JIS-F698,U+E44B,SJIS-FB8C,U+FE010,\udbb8\udc10
e-038,U+1F30,null,U+E73F,SJIS-F9E4,JIS-F9E4,U+EB7C,SJIS-F481,JIS-F481,U+E43E,SJIS-FB7E,U+FE038,\udbb8\udc38
e-03A,U+1F30,null,null,null,null,U+EB53,SJIS-F457,JIS-F457,null,null,U+FE03A,\udbb8\udc3a
e-03B,U+1F30,null,U+E6B3,SJIS-F957,JIS-7A47,U+EB5F,SJIS-F463,JIS-F463,U+E44B,SJIS-FB8C,U+FE03B,\udbb8\udc3b
e-039,U+1F30,null,null,null,null,U+E5B3,SJIS-F7D0,JIS-F7D0,null,null,U+FE039,\udbb8\udc39
e-011,U+1F31,null,U+E69C,SJIS-F940,JIS-F940,U+E5A8,SJIS-F7C5,JIS-F7C5,null,null,U+FE011,\udbb8\udc11
e-012,U+1F31,null,U+E69D,SJIS-F941,JIS-F941,U+E5A9,SJIS-F7C6,JIS-F7C6,U+E04C,SJIS-F98D,U+FE012,\udbb8\udc12
e-013,U+1F31,null,U+E69E,SJIS-F942,JIS-F942,U+E5AA,SJIS-F7C7,JIS-F7C7,U+E04C,SJIS-F98D,U+FE013,\udbb8\udc13
e-014,U+1F31,null,U+E69F,SJIS-F943,JIS-F943,U+E486,SJIS-F65E,JIS-F65E,U+E04C,SJIS-F98D,U+FE014,\udbb8\udc14
e-015,U+1F31,null,U+E6A0,SJIS-F944,JIS-F944,null,null,null,null,null,U+FE015,\udbb8\udc15
e-016,U+1F31,null,U+E69E,SJIS-F942,JIS-7849,U+E489,SJIS-F661,JIS-F661,U+E04C,SJIS-F98D,U+FE016,\udbb8\udc16
e-B69,U+1F31,null,null,null,null,U+E48B,SJIS-F663,JIS-7544,U+E335,SJIS-F9D5,U+FEB69,\udbba\udf69
e-B6A,U+1F32,null,null,null,null,U+E468,SJIS-F640,JIS-F640,null,null,U+FEB6A,\udbba\udf6a
e-01E,U+1F55,null,U+E6BA,SJIS-F95E,JIS-7833,U+E594,SJIS-F7B1,JIS-7833,U+E024,SJIS-F964,U+FE01E,\udbb8\udc1e
e-01F,U+1F55,null,U+E6BA,SJIS-F95E,JIS-7833,U+E594,SJIS-F7B1,JIS-7833,U+E025,SJIS-F965,U+FE01F,\udbb8\udc1f
e-020,U+1F55,null,U+E6BA,SJIS-F95E,JIS-7833,U+E594,SJIS-F7B1,JIS-7833,U+E026,SJIS-F966,U+FE020,\udbb8\udc20
e-021,U+1F55,null,U+E6BA,SJIS-F95E,JIS-7833,U+E594,SJIS-F7B1,JIS-7833,U+E027,SJIS-F967,U+FE021,\udbb8\udc21
e-022,U+1F55,null,U+E6BA,SJIS-F95E,JIS-7833,U+E594,SJIS-F7B1,JIS-7833,U+E028,SJIS-F968,U+FE022,\udbb8\udc22
e-023,U+1F55,null,U+E6BA,SJIS-F95E,JIS-7833,U+E594,SJIS-F7B1,JIS-7833,U+E029,SJIS-F969,U+FE023,\udbb8\udc23
e-024,U+1F55,null,U+E6BA,SJIS-F95E,JIS-7833,U+E594,SJIS-F7B1,JIS-7833,U+E02A,SJIS-F96A,U+FE024,\udbb8\udc24
e-025,U+1F55,null,U+E6BA,SJIS-F95E,JIS-7833,U+E594,SJIS-F7B1,JIS-7833,U+E02B,SJIS-F96B,U+FE025,\udbb8\udc25
e-026,U+1F55,null,U+E6BA,SJIS-F95E,JIS-7833,U+E594,SJIS-F7B1,JIS-7833,U+E02C,SJIS-F96C,U+FE026,\udbb8\udc26
e-027,U+1F55,null,U+E6BA,SJIS-F95E,JIS-7833,U+E594,SJIS-F7B1,JIS-7833,U+E02D,SJIS-F96D,U+FE027,\udbb8\udc27
e-028,U+1F55,null,U+E6BA,SJIS-F95E,JIS-7833,U+E594,SJIS-F7B1,JIS-7833,U+E02E,SJIS-F96E,U+FE028,\udbb8\udc28
e-029,U+1F55,null,U+E6BA,SJIS-F95E,JIS-7833,U+E594,SJIS-F7B1,JIS-7833,U+E02F,SJIS-F96F,U+FE029,\udbb8\udc29
e-01D,U+231A,U+231A,U+E71F,SJIS-F9C4,JIS-F9C4,U+E57A,SJIS-F797,JIS-F797,null,null,U+FE01D,\udbb8\udc1d
e-01C,U+231B,U+231B,U+E71C,SJIS-F9C1,JIS-7535,U+E57B,SJIS-F798,JIS-F798,null,null,U+FE01C,\udbb8\udc1c
e-02A,U+23F0,null,U+E6BA,SJIS-F95E,JIS-F95E,U+E594,SJIS-F7B1,JIS-F7B1,U+E02D,SJIS-F96D,U+FE02A,\udbb8\udc2a
e-01B,U+23F3,null,U+E71C,SJIS-F9C1,JIS-F9C1,U+E47C,SJIS-F654,JIS-F654,null,null,U+FE01B,\udbb8\udc1b
e-02B,U+2648,U+2648,U+E646,SJIS-F8A7,JIS-F8A7,U+E48F,SJIS-F667,JIS-F667,U+E23F,SJIS-F7DF,U+FE02B,\udbb8\udc2b
e-02C,U+2649,U+2649,U+E647,SJIS-F8A8,JIS-F8A8,U+E490,SJIS-F668,JIS-F668,U+E240,SJIS-F7E0,U+FE02C,\udbb8\udc2c
e-02D,U+264A,U+264A,U+E648,SJIS-F8A9,JIS-F8A9,U+E491,SJIS-F669,JIS-F669,U+E241,SJIS-F7E1,U+FE02D,\udbb8\udc2d
e-02E,U+264B,U+264B,U+E649,SJIS-F8AA,JIS-F8AA,U+E492,SJIS-F66A,JIS-F66A,U+E242,SJIS-F7E2,U+FE02E,\udbb8\udc2e
e-02F,U+264C,U+264C,U+E64A,SJIS-F8AB,JIS-F8AB,U+E493,SJIS-F66B,JIS-F66B,U+E243,SJIS-F7E3,U+FE02F,\udbb8\udc2f
e-030,U+264D,U+264D,U+E64B,SJIS-F8AC,JIS-F8AC,U+E494,SJIS-F66C,JIS-F66C,U+E244,SJIS-F7E4,U+FE030,\udbb8\udc30
e-031,U+264E,U+264E,U+E64C,SJIS-F8AD,JIS-F8AD,U+E495,SJIS-F66D,JIS-F66D,U+E245,SJIS-F7E5,U+FE031,\udbb8\udc31
e-032,U+264F,U+264F,U+E64D,SJIS-F8AE,JIS-F8AE,U+E496,SJIS-F66E,JIS-F66E,U+E246,SJIS-F7E6,U+FE032,\udbb8\udc32
e-033,U+2650,U+2650,U+E64E,SJIS-F8AF,JIS-F8AF,U+E497,SJIS-F66F,JIS-F66F,U+E247,SJIS-F7E7,U+FE033,\udbb8\udc33
e-034,U+2651,U+2651,U+E64F,SJIS-F8B0,JIS-F8B0,U+E498,SJIS-F670,JIS-F670,U+E248,SJIS-F7E8,U+FE034,\udbb8\udc34
e-035,U+2652,U+2652,U+E650,SJIS-F8B1,JIS-F8B1,U+E499,SJIS-F671,JIS-F671,U+E249,SJIS-F7E9,U+FE035,\udbb8\udc35
e-036,U+2653,U+2653,U+E651,SJIS-F8B2,JIS-F8B2,U+E49A,SJIS-F672,JIS-F672,U+E24A,SJIS-F7EA,U+FE036,\udbb8\udc36
e-037,U+26CE,null,null,null,null,U+E49B,SJIS-F673,JIS-F673,U+E24B,SJIS-F7EB,U+FE037,\udbb8\udc37
e-03C,U+1F34,null,U+E741,SJIS-F9E6,JIS-F9E6,U+E513,SJIS-F6EC,JIS-F6EC,U+E110,SJIS-F750,U+FE03C,\udbb8\udc3c
e-03D,U+1F33,null,U+E743,SJIS-F9E8,JIS-F9E8,U+E4E4,SJIS-F6BD,JIS-F6BD,U+E304,SJIS-F9A4,U+FE03D,\udbb8\udc3d
e-03E,U+1F33,null,U+E746,SJIS-F9EB,JIS-F9EB,U+EB7D,SJIS-F482,JIS-F482,U+E110,SJIS-F750,U+FE03E,\udbb8\udc3e
e-03F,U+1F34,null,U+E747,SJIS-F9EC,JIS-F9EC,U+E4CE,SJIS-F6A7,JIS-F6A7,U+E118,SJIS-F758,U+FE03F,\udbb8\udc3f
e-040,U+1F33,null,U+E748,SJIS-F9ED,JIS-F9ED,U+E4CA,SJIS-F6A3,JIS-F6A3,U+E030,SJIS-F970,U+FE040,\udbb8\udc40
e-041,U+1F33,null,null,null,null,U+E5BA,SJIS-F7EA,JIS-F7EA,U+E032,SJIS-F972,U+FE041,\udbb8\udc41
e-042,U+1F34,null,U+E747,SJIS-F9EC,JIS-7629,U+E5CD,SJIS-F340,JIS-F340,U+E119,SJIS-F759,U+FE042,\udbb8\udc42
e-043,U+1F34,null,null,null,null,U+E5CD,SJIS-F340,JIS-7921,U+E447,SJIS-FB88,U+FE043,\udbb8\udc43
e-045,U+1F33,null,null,null,null,U+EA94,SJIS-F367,JIS-F367,U+E303,SJIS-F9A3,U+FE045,\udbb8\udc45
e-046,U+1F33,null,null,null,null,U+E4E3,SJIS-F6BC,JIS-F6BC,U+E305,SJIS-F9A5,U+FE046,\udbb8\udc46
e-047,U+1F33,null,null,null,null,U+E4E2,SJIS-F6BB,JIS-F6BB,U+E307,SJIS-F9A7,U+FE047,\udbb8\udc47
e-048,U+1F33,null,null,null,null,U+EA96,SJIS-F369,JIS-F369,U+E308,SJIS-F9A8,U+FE048,\udbb8\udc48
e-049,U+1F33,null,null,null,null,null,null,null,U+E444,SJIS-FB85,U+FE049,\udbb8\udc49
e-04A,U+1F33,null,null,null,null,U+EB36,SJIS-F3F7,JIS-F3F7,null,null,U+FE04A,\udbb8\udc4a
e-04B,U+1F34,null,null,null,null,U+EB37,SJIS-F3F8,JIS-F3F8,null,null,U+FE04B,\udbb8\udc4b
e-04C,U+1F33,null,null,null,null,U+EB38,SJIS-F3F9,JIS-F3F9,null,null,U+FE04C,\udbb8\udc4c
e-04D,U+1F33,null,null,null,null,U+EB49,SJIS-F44D,JIS-F44D,U+E305,SJIS-F9A5,U+FE04D,\udbb8\udc4d
e-04E,U+1F33,null,U+E741,SJIS-F9E6,JIS-766E,U+EB82,SJIS-F487,JIS-F487,U+E110,SJIS-F750,U+FE04E,\udbb8\udc4e
e-04F,U+1F35,null,U+E742,SJIS-F9E7,JIS-F9E7,U+E4D2,SJIS-F6AB,JIS-F6AB,null,null,U+FE04F,\udbb8\udc4f
e-050,U+1F34,null,U+E744,SJIS-F9E9,JIS-F9E9,U+EB35,SJIS-F3F6,JIS-F3F6,null,null,U+FE050,\udbb8\udc50
e-051,U+1F34,null,U+E745,SJIS-F9EA,JIS-F9EA,U+EAB9,SJIS-F38D,JIS-F38D,U+E345,SJIS-F9E5,U+FE051,\udbb8\udc51
e-052,U+1F34,null,null,null,null,U+EABA,SJIS-F38E,JIS-F38E,U+E346,SJIS-F9E6,U+FE052,\udbb8\udc52
e-053,U+1F35,null,null,null,null,U+E4D4,SJIS-F6AD,JIS-F6AD,U+E347,SJIS-F9E7,U+FE053,\udbb8\udc53
e-054,U+1F34,null,null,null,null,U+E4CD,SJIS-F6A6,JIS-F6A6,U+E348,SJIS-F9E8,U+FE054,\udbb8\udc54
e-055,U+1F34,null,null,null,null,U+EABB,SJIS-F38F,JIS-F38F,U+E349,SJIS-F9E9,U+FE055,\udbb8\udc55
e-056,U+1F34,null,null,null,null,U+EABC,SJIS-F390,JIS-F390,U+E34A,SJIS-F9EA,U+FE056,\udbb8\udc56
e-057,U+1F34,null,null,null,null,U+EB32,SJIS-F3F3,JIS-F3F3,null,null,U+FE057,\udbb8\udc57
e-058,U+1F34,null,null,null,null,U+EB33,SJIS-F3F4,JIS-F3F4,null,null,U+FE058,\udbb8\udc58
e-059,U+1F34,null,null,null,null,U+EB34,SJIS-F3F5,JIS-F3F5,null,null,U+FE059,\udbb8\udc59
e-05A,U+1F35,null,null,null,null,U+EB39,SJIS-F3FA,JIS-F3FA,null,null,U+FE05A,\udbb8\udc5a
e-05B,U+1F34,null,U+E745,SJIS-F9EA,JIS-796D,U+EB5A,SJIS-F45E,JIS-F45E,U+E345,SJIS-F9E5,U+FE05B,\udbb8\udc5b
e-190,U+1F44,null,U+E691,SJIS-F8F2,JIS-F8F2,U+E5A4,SJIS-F7C1,JIS-F7C1,U+E419,SJIS-FB59,U+FE190,\udbb8\udd90
e-191,U+1F44,null,U+E692,SJIS-F8F3,JIS-F8F3,U+E5A5,SJIS-F7C2,JIS-F7C2,U+E41B,SJIS-FB5B,U+FE191,\udbb8\udd91
e-192,U+1F44,null,null,null,null,U+EAD0,SJIS-F3A4,JIS-F3A4,U+E41A,SJIS-FB5A,U+FE192,\udbb8\udd92
e-193,U+1F44,null,U+E6F9,SJIS-F99E,JIS-7646,U+EAD1,SJIS-F3A5,JIS-F3A5,U+E41C,SJIS-FB5C,U+FE193,\udbb8\udd93
e-194,U+1F44,null,U+E728,SJIS-F9CD,JIS-7642,U+EB47,SJIS-F44B,JIS-F44B,U+E409,SJIS-FB49,U+FE194,\udbb8\udd94
e-195,U+1F48,null,U+E710,SJIS-F9B5,JIS-F9B5,U+E509,SJIS-F6E2,JIS-F6E2,U+E31C,SJIS-F9BC,U+FE195,\udbb8\udd95
e-196,U+1F48,null,null,null,null,U+EAA0,SJIS-F373,JIS-F373,U+E31D,SJIS-F9BD,U+FE196,\udbb8\udd96
e-197,U+1F48,null,null,null,null,U+E50B,SJIS-F6E4,JIS-F6E4,U+E31E,SJIS-F9BE,U+FE197,\udbb8\udd97
e-198,U+1F48,null,U+E675,SJIS-F8D6,JIS-7671,U+EAA1,SJIS-F374,JIS-F374,U+E31F,SJIS-F9BF,U+FE198,\udbb8\udd98
e-199,U+1F48,null,null,null,null,U+EAA2,SJIS-F375,JIS-F375,U+E320,SJIS-F9C0,U+FE199,\udbb8\udd99
e-19A,U+1F46,null,U+E6B1,SJIS-F955,JIS-F955,null,null,null,null,null,U+FE19A,\udbb8\udd9a
e-19B,U+1F46,null,U+E6F0,SJIS-F995,JIS-752A,U+E4FC,SJIS-F6D5,JIS-F6D5,U+E001,SJIS-F941,U+FE19B,\udbb8\udd9b
e-19C,U+1F46,null,U+E6F0,SJIS-F995,JIS-752A,U+E4FA,SJIS-F6D3,JIS-F6D3,U+E002,SJIS-F942,U+FE19C,\udbb8\udd9c
e-19D,U+1F46,null,U+E6F0,SJIS-F995,JIS-752A,U+E4FC,SJIS-F6D5,JIS-7657,U+E004,SJIS-F944,U+FE19D,\udbb8\udd9d
e-19E,U+1F46,null,U+E6F0,SJIS-F995,JIS-752A,U+E4FA,SJIS-F6D3,JIS-7655,U+E005,SJIS-F945,U+FE19E,\udbb8\udd9e
e-19F,U+1F46,null,null,null,null,U+E501,SJIS-F6DA,JIS-F6DA,null,null,U+FE19F,\udbb8\udd9f
e-1A0,U+1F46,null,null,null,null,null,null,null,U+E428,SJIS-FB68,U+FE1A0,\udbb8\udda0
e-1A1,U+1F46,null,null,null,null,U+E5DD,SJIS-F350,JIS-F350,U+E152,SJIS-F793,U+FE1A1,\udbb8\udda1
e-1A2,U+1F46,null,null,null,null,U+EADB,SJIS-F3AF,JIS-F3AF,U+E429,SJIS-FB69,U+FE1A2,\udbb8\udda2
e-1A3,U+1F47,null,null,null,null,U+EAE9,SJIS-F3BD,JIS-F3BD,null,null,U+FE1A3,\udbb8\udda3
e-1A4,U+1F47,null,null,null,null,U+EB13,SJIS-F3D4,JIS-F3D4,U+E515,SJIS-FBB5,U+FE1A4,\udbb8\udda4
e-1A5,U+1F47,null,null,null,null,U+EB14,SJIS-F3D5,JIS-F3D5,U+E516,SJIS-FBB6,U+FE1A5,\udbb8\udda5
e-1A6,U+1F47,null,null,null,null,U+EB15,SJIS-F3D6,JIS-F3D6,U+E517,SJIS-FBB7,U+FE1A6,\udbb8\udda6
e-1A7,U+1F47,null,null,null,null,U+EB16,SJIS-F3D7,JIS-F3D7,U+E518,SJIS-FBB8,U+FE1A7,\udbb8\udda7
e-1A8,U+1F47,null,null,null,null,U+EB17,SJIS-F3D8,JIS-F3D8,U+E519,SJIS-FBB9,U+FE1A8,\udbb8\udda8
e-1A9,U+1F47,null,null,null,null,U+EB18,SJIS-F3D9,JIS-F3D9,U+E51A,SJIS-FBBA,U+FE1A9,\udbb8\udda9
e-1AA,U+1F47,null,null,null,null,U+EB19,SJIS-F3DA,JIS-F3DA,U+E51B,SJIS-FBBB,U+FE1AA,\udbb8\uddaa
e-1AB,U+1F47,null,null,null,null,U+EB1A,SJIS-F3DB,JIS-F3DB,U+E51C,SJIS-FBBC,U+FE1AB,\udbb8\uddab
e-1AC,U+1F47,null,null,null,null,U+EB44,SJIS-F448,JIS-F448,null,null,U+FE1AC,\udbb8\uddac
e-1AD,U+1F47,null,null,null,null,U+EB45,SJIS-F449,JIS-F449,null,null,U+FE1AD,\udbb8\uddad
e-1AE,U+1F47,null,null,null,null,U+E4CB,SJIS-F6A4,JIS-F6A4,U+E11B,SJIS-F75B,U+FE1AE,\udbb8\uddae
e-1AF,U+1F47,null,null,null,null,U+E5BF,SJIS-F7EF,JIS-F7EF,U+E04E,SJIS-F98F,U+FE1AF,\udbb8\uddaf
e-1B0,U+1F47,null,null,null,null,U+E50E,SJIS-F6E7,JIS-F6E7,U+E10C,SJIS-F74C,U+FE1B0,\udbb8\uddb0
e-1B1,U+1F47,null,null,null,null,U+E4EC,SJIS-F6C5,JIS-F6C5,U+E12B,SJIS-F76B,U+FE1B1,\udbb8\uddb1
e-1B2,U+1F47,null,null,null,null,U+E4EF,SJIS-F6C8,JIS-F6C8,U+E11A,SJIS-F75A,U+FE1B2,\udbb8\uddb2
e-1B3,U+1F48,null,null,null,null,U+E4F8,SJIS-F6D1,JIS-F6D1,U+E11C,SJIS-F75C,U+FE1B3,\udbb8\uddb3
e-1B4,U+1F48,null,null,null,null,null,null,null,U+E253,SJIS-F7F3,U+FE1B4,\udbb8\uddb4
e-1B5,U+1F48,null,null,null,null,null,null,null,U+E51E,SJIS-FBBE,U+FE1B5,\udbb8\uddb5
e-1B6,U+1F48,null,null,null,null,U+EB1C,SJIS-F3DD,JIS-F3DD,U+E51F,SJIS-FBBF,U+FE1B6,\udbb8\uddb6
e-1B9,U+1F40,null,U+E74E,SJIS-F9F3,JIS-F9F3,U+EB7E,SJIS-F483,JIS-F483,null,null,U+FE1B9,\udbb8\uddb9
e-1D3,U+1F40,null,null,null,null,U+EB22,SJIS-F3E3,JIS-F3E3,U+E52D,SJIS-FBCD,U+FE1D3,\udbb8\uddd3
e-7DC,U+1F40,null,U+E754,SJIS-F9F9,JIS-7633,U+E4D8,SJIS-F6B1,JIS-7633,U+E134,SJIS-F774,U+FE7DC,\udbb9\udfdc
e-1D4,U+1F41,null,null,null,null,U+EB23,SJIS-F3E4,JIS-F3E4,U+E52E,SJIS-FBCE,U+FE1D4,\udbb8\uddd4
e-1D5,U+1F41,null,null,null,null,U+EB24,SJIS-F3E5,JIS-F3E5,U+E52F,SJIS-FBCF,U+FE1D5,\udbb8\uddd5
e-1D6,U+1F42,null,null,null,null,U+EB25,SJIS-F3E6,JIS-F3E6,U+E530,SJIS-FBD0,U+FE1D6,\udbb8\uddd6
e-1CC,U+1F41,null,null,null,null,U+EB1F,SJIS-F3E0,JIS-F3E0,U+E526,SJIS-FBC6,U+FE1CC,\udbb8\uddcc
e-1CD,U+1F42,null,null,null,null,U+EB20,SJIS-F3E1,JIS-F3E1,U+E527,SJIS-FBC7,U+FE1CD,\udbb8\uddcd
e-1CE,U+1F41,null,null,null,null,U+E4D9,SJIS-F6B2,JIS-7634,U+E528,SJIS-FBC8,U+FE1CE,\udbb8\uddce
e-1CF,U+1F41,null,null,null,null,U+E48F,SJIS-F667,JIS-7548,U+E529,SJIS-FBC9,U+FE1CF,\udbb8\uddcf
e-1C5,U+1F41,null,null,null,null,U+E5C7,SJIS-F7F7,JIS-F7F7,U+E10A,SJIS-F74A,U+FE1C5,\udbb8\uddc5
e-1C6,U+1F41,null,null,null,null,U+EAEC,SJIS-F3C0,JIS-F3C0,U+E441,SJIS-FB82,U+FE1C6,\udbb8\uddc6
e-1CB,U+1F41,null,null,null,null,U+EB1E,SJIS-F3DF,JIS-F3DF,U+E525,SJIS-FBC5,U+FE1CB,\udbb8\uddcb
e-1DA,U+1F41,null,null,null,null,U+E4DD,SJIS-F6B6,JIS-F6B6,null,null,U+FE1DA,\udbb8\uddda
e-1E1,U+1F41,null,null,null,null,U+EB57,SJIS-F45B,JIS-F45B,null,null,U+FE1E1,\udbb8\udde1
e-1E2,U+1F41,null,null,null,null,U+EB58,SJIS-F45C,JIS-F45C,null,null,U+FE1E2,\udbb8\udde2
e-1C9,U+1F42,null,U+E751,SJIS-F9F6,JIS-7A60,U+EB1D,SJIS-F3DE,JIS-F3DE,U+E522,SJIS-FBC2,U+FE1C9,\udbb8\uddc9
e-1D9,U+1F42,null,U+E751,SJIS-F9F6,JIS-7A60,U+E4D3,SJIS-F6AC,JIS-F6AC,U+E019,SJIS-F959,U+FE1D9,\udbb8\uddd9
e-1DC,U+1F42,null,null,null,null,U+E5D4,SJIS-F347,JIS-F347,null,null,U+FE1DC,\udbb8\udddc
e-1BA,U+1F42,null,U+E74F,SJIS-F9F4,JIS-F9F4,U+E4E0,SJIS-F6B9,JIS-F6B9,U+E523,SJIS-FBC3,U+FE1BA,\udbb8\uddba
e-1BB,U+1F42,null,U+E74F,SJIS-F9F4,JIS-763B,U+EB76,SJIS-F47A,JIS-F47A,U+E523,SJIS-FBC3,U+FE1BB,\udbb8\uddbb
e-1C8,U+1F42,null,U+E74F,SJIS-F9F4,JIS-763B,U+E4E0,SJIS-F6B9,JIS-763B,U+E521,SJIS-FBC1,U+FE1C8,\udbb8\uddc8
e-1DD,U+1F42,null,U+E74F,SJIS-F9F4,JIS-763B,U+E5DB,SJIS-F34E,JIS-F34E,U+E523,SJIS-FBC3,U+FE1DD,\udbb8\udddd
e-1BC,U+1F42,null,U+E750,SJIS-F9F5,JIS-F9F5,U+E4DC,SJIS-F6B5,JIS-F6B5,U+E055,SJIS-F996,U+FE1BC,\udbb8\uddbc
e-1D8,U+1F42,null,U+E6A1,SJIS-F945,JIS-763C,U+E4DF,SJIS-F6B8,JIS-F6B8,U+E052,SJIS-F993,U+FE1D8,\udbb8\uddd8
e-1BD,U+1F41,null,U+E751,SJIS-F9F6,JIS-F9F6,U+E49A,SJIS-F672,JIS-7553,U+E019,SJIS-F959,U+FE1BD,\udbb8\uddbd
e-1C7,U+1F42,null,null,null,null,U+EB1B,SJIS-F3DC,JIS-F3DC,U+E520,SJIS-FBC0,U+FE1C7,\udbb8\uddc7
e-1C2,U+1F42,null,null,null,null,U+E5C2,SJIS-F7F2,JIS-F7F2,U+E053,SJIS-F994,U+FE1C2,\udbb8\uddc2
e-1C0,U+1F42,null,null,null,null,U+E5C0,SJIS-F7F0,JIS-F7F0,U+E050,SJIS-F991,U+FE1C0,\udbb8\uddc0
e-1B8,U+1F43,null,U+E6A2,SJIS-F946,JIS-F946,U+E4DB,SJIS-F6B4,JIS-F6B4,U+E04F,SJIS-F990,U+FE1B8,\udbb8\uddb8
e-1C3,U+1F43,null,null,null,null,U+E470,SJIS-F648,JIS-F648,U+E054,SJIS-F995,U+FE1C3,\udbb8\uddc3
e-1BE,U+1F43,null,U+E754,SJIS-F9F9,JIS-F9F9,U+E4D8,SJIS-F6B1,JIS-F6B1,U+E01A,SJIS-F95A,U+FE1BE,\udbb8\uddbe
e-1C4,U+1F43,null,null,null,null,U+E4D9,SJIS-F6B2,JIS-F6B2,U+E109,SJIS-F749,U+FE1C4,\udbb8\uddc4
e-1B7,U+1F43,null,U+E6A1,SJIS-F945,JIS-F945,U+E4E1,SJIS-F6BA,JIS-F6BA,U+E052,SJIS-F993,U+FE1B7,\udbb8\uddb7
e-1BF,U+1F43,null,U+E755,SJIS-F9FA,JIS-F9FA,U+E4DE,SJIS-F6B7,JIS-F6B7,U+E10B,SJIS-F74B,U+FE1BF,\udbb8\uddbf
e-1C1,U+1F43,null,null,null,null,U+E5C1,SJIS-F7F1,JIS-F7F1,U+E051,SJIS-F992,U+FE1C1,\udbb8\uddc1
e-1CA,U+1F43,null,null,null,null,null,null,null,U+E524,SJIS-FBC4,U+FE1CA,\udbb8\uddca
e-1D0,U+1F43,null,U+E6A1,SJIS-F945,JIS-763C,U+E4E1,SJIS-F6BA,JIS-763C,U+E52A,SJIS-FBCA,U+FE1D0,\udbb8\uddd0
e-1D1,U+1F42,null,null,null,null,U+EB21,SJIS-F3E2,JIS-F3E2,U+E52B,SJIS-FBCB,U+FE1D1,\udbb8\uddd1
e-1D2,U+1F43,null,null,null,null,U+E4D7,SJIS-F6B0,JIS-F6B0,U+E52C,SJIS-FBCC,U+FE1D2,\udbb8\uddd2
e-1D7,U+1F43,null,null,null,null,U+E4DA,SJIS-F6B3,JIS-F6B3,U+E531,SJIS-FBD1,U+FE1D7,\udbb8\uddd7
e-1DB,U+1F43,null,U+E698,SJIS-F8F9,JIS-7A6D,U+E4EE,SJIS-F6C7,JIS-F6C7,U+E536,SJIS-FBD6,U+FE1DB,\udbb8\udddb
e-1DE,U+1F43,null,null,null,null,U+EB3F,SJIS-F443,JIS-F443,null,null,U+FE1DE,\udbb8\uddde
e-1DF,U+1F43,null,null,null,null,U+EB46,SJIS-F44A,JIS-F44A,null,null,U+FE1DF,\udbb8\udddf
e-1E0,U+1F43,null,U+E755,SJIS-F9FA,JIS-7639,U+EB48,SJIS-F44C,JIS-F44C,U+E10B,SJIS-F74B,U+FE1E0,\udbb8\udde0
e-320,U+1F60,null,U+E6F1,SJIS-F996,JIS-F996,U+E472,SJIS-F64A,JIS-F64A,U+E059,SJIS-F99A,U+FE320,\udbb8\udf20
e-321,U+1F60,null,U+E6F3,SJIS-F998,JIS-7977,U+EB67,SJIS-F46B,JIS-F46B,U+E403,SJIS-FB43,U+FE321,\udbb8\udf21
e-322,U+1F60,null,U+E6F4,SJIS-F999,JIS-784D,U+EACA,SJIS-F39E,JIS-F39E,U+E410,SJIS-FB50,U+FE322,\udbb8\udf22
e-323,U+1F60,null,U+E6F2,SJIS-F997,JIS-F997,U+EAC0,SJIS-F394,JIS-7974,U+E058,SJIS-F999,U+FE323,\udbb8\udf23
e-324,U+1F60,null,U+E6F4,SJIS-F999,JIS-F999,U+E5AE,SJIS-F7CB,JIS-F7CB,U+E406,SJIS-FB46,U+FE324,\udbb8\udf24
e-325,U+1F60,null,U+E723,SJIS-F9C8,JIS-7878,U+EACB,SJIS-F39F,JIS-F39F,U+E40F,SJIS-FB4F,U+FE325,\udbb8\udf25
e-326,U+1F60,null,U+E725,SJIS-F9CA,JIS-F9CA,U+EAC9,SJIS-F39D,JIS-F39D,U+E40E,SJIS-FB4E,U+FE326,\udbb8\udf26
e-327,U+1F60,null,U+E726,SJIS-F9CB,JIS-F9CB,U+E5C4,SJIS-F7F4,JIS-F7F4,U+E106,SJIS-F746,U+FE327,\udbb8\udf27
e-328,U+1F60,null,U+E753,SJIS-F9F8,JIS-7B65,U+EAC1,SJIS-F395,JIS-F395,U+E404,SJIS-FB44,U+FE328,\udbb8\udf28
e-329,U+1F60,null,U+E728,SJIS-F9CD,JIS-F9CD,U+E4E7,SJIS-F6C0,JIS-F6C0,U+E105,SJIS-F745,U+FE329,\udbb8\udf29
e-32A,U+1F60,null,U+E728,SJIS-F9CD,JIS-7642,U+E4E7,SJIS-F6C0,JIS-7642,U+E409,SJIS-FB49,U+FE32A,\udbb8\udf2a
e-32B,U+1F60,null,U+E752,SJIS-F9F7,JIS-F9F7,U+EACD,SJIS-F3A1,JIS-7A23,U+E056,SJIS-F997,U+FE32B,\udbb8\udf2b
e-32C,U+1F60,null,U+E726,SJIS-F9CB,JIS-7876,U+EACF,SJIS-F3A3,JIS-F3A3,U+E418,SJIS-FB58,U+FE32C,\udbb8\udf2c
e-32D,U+1F60,null,U+E726,SJIS-F9CB,JIS-7876,U+EACE,SJIS-F3A2,JIS-F3A2,U+E417,SJIS-FB57,U+FE32D,\udbb8\udf2d
e-32E,U+1F60,null,null,null,null,U+EAC7,SJIS-F39B,JIS-F39B,U+E40C,SJIS-FB4C,U+FE32E,\udbb8\udf2e
e-32F,U+1F60,null,U+E72A,SJIS-F9CF,JIS-7E35,U+EAC8,SJIS-F39C,JIS-F39C,U+E40D,SJIS-FB4D,U+FE32F,\udbb8\udf2f
e-330,U+1F61,null,U+E6F0,SJIS-F995,JIS-F995,U+E471,SJIS-F649,JIS-F649,U+E057,SJIS-F998,U+FE330,\udbb8\udf30
e-331,U+1F61,null,U+E722,SJIS-F9C7,JIS-F9C7,U+E471+U+E5B1,SJIS-F649+SJIS-F7CE,JIS-752A+JIS-7850,U+E415+U+E331,SJIS-FB55+SJIS-F9D1,U+FE331,\udbb8\udf31
e-332,U+1F61,null,U+E72A,SJIS-F9CF,JIS-F9CF,U+EAC5,SJIS-F399,JIS-7979,U+E40A,SJIS-FB4A,U+FE332,\udbb8\udf32
e-333,U+1F61,null,U+E753,SJIS-F9F8,JIS-F9F8,U+EB80,SJIS-F485,JIS-F485,U+E404,SJIS-FB44,U+FE333,\udbb8\udf33
e-334,U+1F61,null,U+E72A,SJIS-F9CF,JIS-7E35,U+EB64,SJIS-F468,JIS-F468,U+E412,SJIS-FB52,U+FE334,\udbb8\udf34
e-335,U+1F61,null,U+E6F0,SJIS-F995,JIS-752A,U+EACD,SJIS-F3A1,JIS-F3A1,U+E056,SJIS-F997,U+FE335,\udbb8\udf35
e-336,U+263A,U+263A,U+E6F0,SJIS-F995,JIS-752A,U+E4FB,SJIS-F6D4,JIS-F6D4,U+E414,SJIS-FB54,U+FE336,\udbb8\udf36
e-338,U+1F61,null,U+E6F0,SJIS-F995,JIS-752A,U+E471,SJIS-F649,JIS-752A,U+E415,SJIS-FB55,U+FE338,\udbb8\udf38
e-339,U+1F61,null,U+E72E,SJIS-F9D3,JIS-F9D3,U+EB69,SJIS-F46D,JIS-F46D,U+E413,SJIS-FB53,U+FE339,\udbb8\udf39
e-33A,U+1F61,null,U+E72D,SJIS-F9D2,JIS-F9D2,U+E473,SJIS-F64B,JIS-F64B,U+E411,SJIS-FB51,U+FE33A,\udbb8\udf3a
e-33B,U+1F61,null,U+E757,SJIS-F9FC,JIS-7877,U+EAC6,SJIS-F39A,JIS-F39A,U+E40B,SJIS-FB4B,U+FE33B,\udbb8\udf3b
e-33C,U+1F61,null,U+E72B,SJIS-F9D0,JIS-F9D0,U+EAC2,SJIS-F396,JIS-F396,U+E406,SJIS-FB46,U+FE33C,\udbb8\udf3c
e-33D,U+1F61,null,U+E724,SJIS-F9C9,JIS-F9C9,U+EB5D,SJIS-F461,JIS-F461,U+E416,SJIS-FB56,U+FE33D,\udbb8\udf3d
e-33E,U+1F61,null,U+E721,SJIS-F9C6,JIS-F9C6,U+EAC5,SJIS-F399,JIS-F399,U+E40A,SJIS-FB4A,U+FE33E,\udbb8\udf3e
e-33F,U+1F61,null,U+E6F3,SJIS-F998,JIS-F998,U+EAC3,SJIS-F397,JIS-F397,U+E407,SJIS-FB47,U+FE33F,\udbb8\udf3f
e-340,U+1F61,null,U+E720,SJIS-F9C5,JIS-F9C5,U+EAC0,SJIS-F394,JIS-F394,U+E403,SJIS-FB43,U+FE340,\udbb8\udf40
e-341,U+1F61,null,U+E757,SJIS-F9FC,JIS-F9FC,U+E5C5,SJIS-F7F5,JIS-F7F5,U+E107,SJIS-F747,U+FE341,\udbb8\udf41
e-342,U+1F62,null,U+E701,SJIS-F9A6,JIS-752E,U+EAC4,SJIS-F398,JIS-F398,U+E408,SJIS-FB48,U+FE342,\udbb8\udf42
e-343,U+1F62,null,U+E72C,SJIS-F9D1,JIS-F9D1,U+EABF,SJIS-F393,JIS-F393,U+E402,SJIS-FB42,U+FE343,\udbb8\udf43
e-344,U+1F62,null,U+E723,SJIS-F9C8,JIS-F9C8,U+E5C6,SJIS-F7F6,JIS-F7F6,U+E108,SJIS-F748,U+FE344,\udbb8\udf44
e-345,U+1F62,null,U+E723,SJIS-F9C8,JIS-7878,U+E5C6,SJIS-F7F6,JIS-7878,U+E401,SJIS-FB41,U+FE345,\udbb8\udf45
e-346,U+1F62,null,U+E72B,SJIS-F9D0,JIS-7976,U+E474,SJIS-F64C,JIS-F64C,U+E406,SJIS-FB46,U+FE346,\udbb8\udf46
e-347,U+1F62,null,U+E729,SJIS-F9CE,JIS-F9CE,U+E5C3,SJIS-F7F3,JIS-F7F3,U+E405,SJIS-FB45,U+FE347,\udbb8\udf47
e-348,U+1F62,null,U+E6F0,SJIS-F995,JIS-752A,U+EB61,SJIS-F465,JIS-F465,U+E057,SJIS-F998,U+FE348,\udbb8\udf48
e-349,U+1F62,null,U+E753,SJIS-F9F8,JIS-7B65,U+EB7F,SJIS-F484,JIS-F484,U+E404,SJIS-FB44,U+FE349,\udbb8\udf49
e-34A,U+1F62,null,U+E72A,SJIS-F9CF,JIS-7E35,U+EB63,SJIS-F467,JIS-F467,U+E412,SJIS-FB52,U+FE34A,\udbb8\udf4a
e-34B,U+1F62,null,U+E726,SJIS-F9CB,JIS-7876,U+EB60,SJIS-F464,JIS-F464,U+E418,SJIS-FB58,U+FE34B,\udbb8\udf4b
e-34C,U+1F62,null,U+E726,SJIS-F9CB,JIS-7876,U+EB65,SJIS-F469,JIS-F469,U+E106,SJIS-F746,U+FE34C,\udbb8\udf4c
e-34D,U+1F63,null,U+E72E,SJIS-F9D3,JIS-7B4E,U+EB68,SJIS-F46C,JIS-F46C,U+E413,SJIS-FB53,U+FE34D,\udbb8\udf4d
e-34E,U+1F63,null,U+E724,SJIS-F9C9,JIS-7B42,U+EB5E,SJIS-F462,JIS-F462,U+E416,SJIS-FB56,U+FE34E,\udbb8\udf4e
e-34F,U+1F63,null,U+E753,SJIS-F9F8,JIS-7B65,U+EB6A,SJIS-F46E,JIS-F46E,U+E404,SJIS-FB44,U+FE34F,\udbb8\udf4f
e-350,U+1F63,null,U+E6F3,SJIS-F998,JIS-7977,U+EB66,SJIS-F46A,JIS-F46A,U+E403,SJIS-FB43,U+FE350,\udbb8\udf50
e-351,U+1F63,null,U+E72F,SJIS-F9D4,JIS-7E36,U+EAD7,SJIS-F3AB,JIS-F3AB,U+E423,SJIS-FB63,U+FE351,\udbb8\udf51
e-352,U+1F63,null,U+E70B,SJIS-F9B0,JIS-784C,U+EAD8,SJIS-F3AC,JIS-F3AC,U+E424,SJIS-FB64,U+FE352,\udbb8\udf52
e-353,U+1F63,null,null,null,null,U+EAD9,SJIS-F3AD,JIS-F3AD,U+E426,SJIS-FB66,U+FE353,\udbb8\udf53
e-354,U+1F63,null,null,null,null,U+EB50,SJIS-F454,JIS-F454,null,null,U+FE354,\udbb8\udf54
e-355,U+1F63,null,null,null,null,U+EB51,SJIS-F455,JIS-F455,null,null,U+FE355,\udbb8\udf55
e-356,U+1F63,null,null,null,null,U+EB52,SJIS-F456,JIS-F456,null,null,U+FE356,\udbb8\udf56
e-357,U+1F63,null,null,null,null,U+EB85,SJIS-F48A,JIS-F48A,U+E012,SJIS-F952,U+FE357,\udbb8\udf57
e-358,U+1F63,null,null,null,null,U+EB86,SJIS-F48B,JIS-F48B,U+E427,SJIS-FB67,U+FE358,\udbb8\udf58
e-359,U+1F63,null,U+E6F3,SJIS-F998,JIS-7977,U+EB87,SJIS-F48C,JIS-F48C,U+E403,SJIS-FB43,U+FE359,\udbb8\udf59
e-35A,U+1F63,null,U+E6F1,SJIS-F996,JIS-752B,U+EB88,SJIS-F48D,JIS-F48D,U+E416,SJIS-FB56,U+FE35A,\udbb8\udf5a
e-35B,U+1F63,null,null,null,null,U+EAD2,SJIS-F3A6,JIS-F3A6,U+E41D,SJIS-FB5D,U+FE35B,\udbb8\udf5b
e-4B0,U+1F3E,null,U+E663,SJIS-F8C4,JIS-F8C4,U+E4AB,SJIS-F684,JIS-F684,U+E036,SJIS-F976,U+FE4B0,\udbb9\udcb0
e-4B1,U+1F3E,null,U+E663,SJIS-F8C4,JIS-7564,U+EB09,SJIS-F7E0,JIS-F7E0,U+E036,SJIS-F976,U+FE4B1,\udbb9\udcb1
e-4B2,U+1F3E,null,U+E664,SJIS-F8C5,JIS-F8C5,U+E4AD,SJIS-F686,JIS-F686,U+E038,SJIS-F978,U+FE4B2,\udbb9\udcb2
e-4B3,U+1F3E,null,U+E665,SJIS-F8C6,JIS-F8C6,U+E5DE,SJIS-F351,JIS-F351,U+E153,SJIS-F794,U+FE4B3,\udbb9\udcb3
e-4B4,U+1F3E,null,U+E666,SJIS-F8C7,JIS-F8C7,U+E5DF,SJIS-F352,JIS-F352,U+E155,SJIS-F796,U+FE4B4,\udbb9\udcb4
e-4B5,U+1F3E,null,U+E667,SJIS-F8C8,JIS-F8C8,U+E4AA,SJIS-F683,JIS-F683,U+E14D,SJIS-F78E,U+FE4B5,\udbb9\udcb5
e-4B6,U+1F3E,null,U+E668,SJIS-F8C9,JIS-F8C9,U+E4A3,SJIS-F67B,JIS-F67B,U+E154,SJIS-F795,U+FE4B6,\udbb9\udcb6
e-4B7,U+1F3E,null,U+E669,SJIS-F8CA,JIS-F8CA,U+EA81,SJIS-F354,JIS-F354,U+E158,SJIS-F799,U+FE4B7,\udbb9\udcb7
e-4B8,U+1F3E,null,U+E669+U+E6EF,SJIS-F8CA+SJIS-F994,JIS-7935+JIS-7531,U+EAF3,SJIS-F3C7,JIS-F3C7,U+E501,SJIS-FBA1,U+FE4B8,\udbb9\udcb8
e-4B9,U+1F3E,null,U+E66A,SJIS-F8CB,JIS-F8CB,U+E4A4,SJIS-F67C,JIS-F67C,U+E156,SJIS-F797,U+FE4B9,\udbb9\udcb9
e-4BA,U+1F3E,null,U+E73E,SJIS-F9E3,JIS-F9E3,U+EA80,SJIS-F353,JIS-F353,U+E157,SJIS-F798,U+FE4BA,\udbb9\udcba
e-4BB,U+26EA,U+26EA,null,null,null,U+E5BB,SJIS-F7EB,JIS-F7EB,U+E037,SJIS-F977,U+FE4BB,\udbb9\udcbb
e-4BC,U+26F2,U+26F2,null,null,null,U+E5CF,SJIS-F342,JIS-F342,U+E121,SJIS-F761,U+FE4BC,\udbb9\udcbc
e-4BD,U+1F3E,null,null,null,null,U+EAF6,SJIS-F3CA,JIS-F3CA,U+E504,SJIS-FBA4,U+FE4BD,\udbb9\udcbd
e-4BE,U+1F3E,null,null,null,null,U+EAF7,SJIS-F3CB,JIS-F3CB,U+E505,SJIS-FBA5,U+FE4BE,\udbb9\udcbe
e-4BF,U+1F3F,null,null,null,null,U+EAF8,SJIS-F3CC,JIS-F3CC,U+E506,SJIS-FBA6,U+FE4BF,\udbb9\udcbf
e-4C0,U+1F3E,null,null,null,null,U+EAF9,SJIS-F3CD,JIS-F3CD,U+E508,SJIS-FBA8,U+FE4C0,\udbb9\udcc0
e-4C1,U+2693,U+2693,U+E661,SJIS-F8C2,JIS-7936,U+E4A9,SJIS-F682,JIS-F682,U+E202,SJIS-F7A2,U+FE4C1,\udbb9\udcc1
e-4C2,U+1F3E,null,U+E74B,SJIS-F9F0,JIS-794B,U+E4BD,SJIS-F696,JIS-F696,U+E30B,SJIS-F9AB,U+FE4C2,\udbb9\udcc2
e-4C3,U+1F5F,null,U+E740,SJIS-F9E5,JIS-F9E5,U+E5BD,SJIS-F7ED,JIS-F7ED,U+E03B,SJIS-F97B,U+FE4C3,\udbb9\udcc3
e-4C4,U+1F5F,null,null,null,null,U+E4C0,SJIS-F699,JIS-F699,U+E509,SJIS-FBA9,U+FE4C4,\udbb9\udcc4
e-4C6,U+1F5F,null,null,null,null,null,null,null,U+E51D,SJIS-FBBD,U+FE4C6,\udbb9\udcc6
e-4C7,U+1F5F,null,null,null,null,U+E572,SJIS-F78F,JIS-F78F,null,null,U+FE4C7,\udbb9\udcc7
e-4C8,U+1F5F,null,null,null,null,U+EB6C,SJIS-F470,JIS-F470,null,null,U+FE4C8,\udbb9\udcc8
e-4CC,U+1F45,null,U+E699,SJIS-F8FA,JIS-7A6E,U+E5B7,SJIS-F7E7,JIS-F7E7,U+E007,SJIS-F947,U+FE4CC,\udbb9\udccc
e-4CD,U+1F45,null,U+E699,SJIS-F8FA,JIS-F8FA,U+EB2B,SJIS-F3EC,JIS-F3EC,U+E007,SJIS-F947,U+FE4CD,\udbb9\udccd
e-4D6,U+1F46,null,U+E674,SJIS-F8D5,JIS-F8D5,U+E51A,SJIS-F6F3,JIS-F6F3,U+E13E,SJIS-F77E,U+FE4D6,\udbb9\udcd6
e-4D7,U+1F46,null,U+E674,SJIS-F8D5,JIS-7675,U+E51A,SJIS-F6F3,JIS-7675,U+E31A,SJIS-F9BA,U+FE4D7,\udbb9\udcd7
e-4D8,U+1F46,null,null,null,null,U+EA9F,SJIS-F372,JIS-F372,U+E31B,SJIS-F9BB,U+FE4D8,\udbb9\udcd8
e-553,U+1F46,null,U+E698,SJIS-F8F9,JIS-F8F9,U+EB2A,SJIS-F3EB,JIS-F3EB,U+E536,SJIS-FBD6,U+FE553,\udbb9\udd53
e-4CE,U+1F45,null,U+E69A,SJIS-F8FB,JIS-F8FB,U+E4FE,SJIS-F6D7,JIS-F6D7,null,null,U+FE4CE,\udbb9\udcce
e-4CF,U+1F45,null,U+E70E,SJIS-F9B3,JIS-F9B3,U+E5B6,SJIS-F7E6,JIS-F7E6,U+E006,SJIS-F946,U+FE4CF,\udbb9\udccf
e-4D0,U+1F45,null,U+E711,SJIS-F9B6,JIS-F9B6,U+EB77,SJIS-F47B,JIS-F47B,null,null,U+FE4D0,\udbb9\udcd0
e-4D1,U+1F45,null,U+E71A,SJIS-F9BF,JIS-F9BF,U+E5C9,SJIS-F7F9,JIS-F7F9,U+E10E,SJIS-F74E,U+FE4D1,\udbb9\udcd1
e-4D3,U+1F45,null,null,null,null,U+EA93,SJIS-F366,JIS-F366,U+E302,SJIS-F9A2,U+FE4D3,\udbb9\udcd3
e-4D4,U+1F45,null,null,null,null,U+EA9E,SJIS-F371,JIS-F371,U+E318,SJIS-F9B8,U+FE4D4,\udbb9\udcd4
e-4D5,U+1F45,null,null,null,null,U+EB6B,SJIS-F46F,JIS-F46F,U+E319,SJIS-F9B9,U+FE4D5,\udbb9\udcd5
e-4D9,U+1F45,null,null,null,null,U+EAA3,SJIS-F376,JIS-F376,U+E321,SJIS-F9C1,U+FE4D9,\udbb9\udcd9
e-4DA,U+1F45,null,null,null,null,U+EAA4,SJIS-F377,JIS-F377,U+E322,SJIS-F9C2,U+FE4DA,\udbb9\udcda
e-4DB,U+1F45,null,U+E70E,SJIS-F9B3,JIS-7868,U+E50D,SJIS-F6E6,JIS-F6E6,U+E006,SJIS-F946,U+FE4DB,\udbb9\udcdb
e-4DC,U+1F45,null,U+E70F,SJIS-F9B4,JIS-F9B4,U+E504,SJIS-F6DD,JIS-F6DD,null,null,U+FE4DC,\udbb9\udcdc
e-4F0,U+1F45,null,U+E682,SJIS-F8E3,JIS-F8E3,U+E49C,SJIS-F674,JIS-F674,U+E323,SJIS-F9C3,U+FE4F0,\udbb9\udcf0
e-4F1,U+1F45,null,U+E6AD,SJIS-F951,JIS-F951,null,null,null,null,null,U+FE4F1,\udbb9\udcf1
e-4DD,U+1F4B,null,U+E715,SJIS-F9BA,JIS-F9BA,U+E4C7,SJIS-F6A0,JIS-F6A0,U+E12F,SJIS-F76F,U+FE4DD,\udbb9\udcdd
e-4DE,U+1F4B,null,null,null,null,null,null,null,U+E149,SJIS-F78A,U+FE4DE,\udbb9\udcde
e-4DF,U+1F4B,null,null,null,null,U+E5DC,SJIS-F34F,JIS-F34F,U+E14A,SJIS-F78B,U+FE4DF,\udbb9\udcdf
e-4E0,U+1F4B,null,U+E715,SJIS-F9BA,JIS-7622,U+E579,SJIS-F796,JIS-F796,U+E12F,SJIS-F76F,U+FE4E0,\udbb9\udce0
e-4E1,U+1F4B,null,null,null,null,U+E57C,SJIS-F799,JIS-F799,null,null,U+FE4E1,\udbb9\udce1
e-4E2,U+1F4B,null,U+E6D6,SJIS-F97A,JIS-F97A,U+E57D,SJIS-F79A,JIS-F79A,null,null,U+FE4E2,\udbb9\udce2
e-4E3,U+1F4B,null,U+E715,SJIS-F9BA,JIS-7622,U+E585,SJIS-F7A2,JIS-F7A2,U+E12F,SJIS-F76F,U+FE4E3,\udbb9\udce3
e-4E4,U+1F4B,null,null,null,null,U+EB5B,SJIS-F45F,JIS-F45F,null,null,U+FE4E4,\udbb9\udce4
e-554,U+1F1E,null,null,null,null,null,null,null,null,null,[A],\uNaN\uNaN
e-555,U+1F1E,null,null,null,null,null,null,null,null,null,[B],\uNaN\uNaN
e-556,U+1F1E,null,null,null,null,null,null,null,null,null,[C],\uNaN\uNaN
e-557,U+1F1E,null,null,null,null,null,null,null,null,null,[D],\uNaN\uNaN
e-558,U+1F1E,null,null,null,null,null,null,null,null,null,[E],\uNaN\uNaN
e-559,U+1F1E,null,null,null,null,null,null,null,null,null,[F],\uNaN\uNaN
e-55A,U+1F1E,null,null,null,null,null,null,null,null,null,[G],\uNaN\uNaN
e-55B,U+1F1E,null,null,null,null,null,null,null,null,null,[H],\uNaN\uNaN
e-55C,U+1F1E,null,null,null,null,null,null,null,null,null,[I],\uNaN\uNaN
e-55D,U+1F1E,null,null,null,null,null,null,null,null,null,[J],\uNaN\uNaN
e-55E,U+1F1F,null,null,null,null,null,null,null,null,null,[K],\uNaN\uNaN
e-55F,U+1F1F,null,null,null,null,null,null,null,null,null,[L],\uNaN\uNaN
e-560,U+1F1F,null,null,null,null,null,null,null,null,null,[M],\uNaN\uNaN
e-561,U+1F1F,null,null,null,null,null,null,null,null,null,[N],\uNaN\uNaN
e-562,U+1F1F,null,null,null,null,null,null,null,null,null,[O],\uNaN\uNaN
e-563,U+1F1F,null,null,null,null,null,null,null,null,null,[P],\uNaN\uNaN
e-564,U+1F1F,null,null,null,null,null,null,null,null,null,[Q],\uNaN\uNaN
e-565,U+1F1F,null,null,null,null,null,null,null,null,null,[R],\uNaN\uNaN
e-566,U+1F1F,null,null,null,null,null,null,null,null,null,[S],\uNaN\uNaN
e-567,U+1F1F,null,null,null,null,null,null,null,null,null,[T],\uNaN\uNaN
e-568,U+1F1F,null,null,null,null,null,null,null,null,null,[U],\uNaN\uNaN
e-569,U+1F1F,null,null,null,null,null,null,null,null,null,[V],\uNaN\uNaN
e-56A,U+1F1F,null,null,null,null,null,null,null,null,null,[W],\uNaN\uNaN
e-56B,U+1F1F,null,null,null,null,null,null,null,null,null,[X],\uNaN\uNaN
e-56C,U+1F1F,null,null,null,null,null,null,null,null,null,[Y],\uNaN\uNaN
e-56D,U+1F1F,null,null,null,null,null,null,null,null,null,[Z],\uNaN\uNaN
e-4ED,U+1F1E,U+1F1E,null,null,null,U+EB11,SJIS-F3D2,JIS-F3D2,U+E513,SJIS-FBB3,U+FE4ED,\udbb9\udced
e-4E8,U+1F1E,U+1F1E,null,null,null,U+EB0E,SJIS-F3CF,JIS-F3CF,U+E50E,SJIS-FBAE,U+FE4E8,\udbb9\udce8
e-4EB,U+1F1E,U+1F1E,null,null,null,U+E5D5,SJIS-F348,JIS-F348,U+E511,SJIS-FBB1,U+FE4EB,\udbb9\udceb
e-4E7,U+1F1E,U+1F1E,null,null,null,U+EAFA,SJIS-F3CE,JIS-F3CE,U+E50D,SJIS-FBAD,U+FE4E7,\udbb9\udce7
e-4EA,U+1F1F,U+1F1F,null,null,null,U+EB10,SJIS-F3D1,JIS-F3D1,U+E510,SJIS-FBB0,U+FE4EA,\udbb9\udcea
e-4E9,U+1F1E,U+1F1E,null,null,null,U+EB0F,SJIS-F3D0,JIS-F3D0,U+E50F,SJIS-FBAF,U+FE4E9,\udbb9\udce9
e-4E5,U+1F1E,U+1F1E,null,null,null,U+E4CC,SJIS-F6A5,JIS-F6A5,U+E50B,SJIS-FBAB,U+FE4E5,\udbb9\udce5
e-4EE,U+1F1F,U+1F1F,null,null,null,U+EB12,SJIS-F3D3,JIS-F3D3,U+E514,SJIS-FBB4,U+FE4EE,\udbb9\udcee
e-4EC,U+1F1F,U+1F1F,null,null,null,U+E5D6,SJIS-F349,JIS-F349,U+E512,SJIS-FBB2,U+FE4EC,\udbb9\udcec
e-4E6,U+1F1F,U+1F1F,null,null,null,U+E573,SJIS-F790,JIS-F790,U+E50C,SJIS-FBAC,U+FE4E6,\udbb9\udce6
e-4F6,U+1F52,null,null,null,null,U+E47B,SJIS-F653,JIS-F653,U+E11D,SJIS-F75D,U+FE4F6,\udbb9\udcf6
e-4FB,U+1F52,null,U+E6FB,SJIS-F9A0,JIS-752F,U+E583,SJIS-F7A0,JIS-F7A0,null,null,U+FE4FB,\udbb9\udcfb
e-4C9,U+1F52,null,U+E718,SJIS-F9BD,JIS-F9BD,U+E587,SJIS-F7A4,JIS-F7A4,null,null,U+FE4C9,\udbb9\udcc9
e-4CA,U+1F52,null,null,null,null,U+E5CB,SJIS-F7FB,JIS-F7FB,U+E116,SJIS-F756,U+FE4CA,\udbb9\udcca
e-4CB,U+1F52,null,null,null,null,U+E581,SJIS-F79E,JIS-F79E,null,null,U+FE4CB,\udbb9\udccb
e-4FA,U+1F52,null,null,null,null,U+E57F,SJIS-F79C,JIS-F79C,null,null,U+FE4FA,\udbb9\udcfa
e-4F5,U+1F52,null,null,null,null,U+E50A,SJIS-F6E3,JIS-F6E3,U+E113,SJIS-F753,U+FE4F5,\udbb9\udcf5
e-4F7,U+1F52,null,null,null,null,U+EA8F,SJIS-F362,JIS-F362,U+E23E,SJIS-F7DE,U+FE4F7,\udbb9\udcf7
e-4F8,U+1F52,null,null,null,null,U+EA8F,SJIS-F362,JIS-7943,U+E23E,SJIS-F7DE,U+FE4F8,\udbb9\udcf8
e-044,U+1F53,null,null,null,null,U+E480,SJIS-F658,JIS-F658,U+E209,SJIS-F7A9,U+FE044,\udbb8\udc44
e-4D2,U+1F53,null,U+E71A,SJIS-F9BF,JIS-787B,U+E5C9,SJIS-F7F9,JIS-787B,U+E031,SJIS-F971,U+FE4D2,\udbb9\udcd2
e-509,U+1F48,null,null,null,null,U+E510,SJIS-F6E9,JIS-F6E9,U+E13B,SJIS-F77B,U+FE509,\udbb9\udd09
e-50A,U+1F48,null,null,null,null,U+EA9A,SJIS-F36D,JIS-F36D,U+E30F,SJIS-F9AF,U+FE50A,\udbb9\udd0a
e-50B,U+1F17,null,null,null,null,U+EB26,SJIS-F3E7,JIS-F3E7,U+E532,SJIS-FBD2,U+FE50B,\udbb9\udd0b
e-50C,U+1F17,null,null,null,null,U+EB27,SJIS-F3E8,JIS-F3E8,U+E533,SJIS-FBD3,U+FE50C,\udbb9\udd0c
e-50D,U+1F18,null,null,null,null,U+EB29,SJIS-F3EA,JIS-F3EA,U+E534,SJIS-FBD4,U+FE50D,\udbb9\udd0d
e-50E,U+1F17,null,null,null,null,U+EB28,SJIS-F3E9,JIS-F3E9,U+E535,SJIS-FBD5,U+FE50E,\udbb9\udd0e
e-50F,U+1F38,null,U+E684,SJIS-F8E5,JIS-F8E5,U+E59F,SJIS-F7BC,JIS-F7BC,U+E314,SJIS-F9B4,U+FE50F,\udbb9\udd0f
e-510,U+1F38,null,U+E685,SJIS-F8E6,JIS-F8E6,U+E4CF,SJIS-F6A8,JIS-F6A8,U+E112,SJIS-F752,U+FE510,\udbb9\udd10
e-511,U+1F38,null,U+E686,SJIS-F8E7,JIS-F8E7,U+E5A0,SJIS-F7BD,JIS-F7BD,U+E34B,SJIS-F9EB,U+FE511,\udbb9\udd11
e-512,U+1F38,null,U+E6A4,SJIS-F948,JIS-F948,U+E4C9,SJIS-F6A2,JIS-F6A2,U+E033,SJIS-F973,U+FE512,\udbb9\udd12
e-513,U+1F38,null,null,null,null,U+EAF0,SJIS-F3C4,JIS-F3C4,U+E448,SJIS-FB89,U+FE513,\udbb9\udd13
e-514,U+1F38,null,null,null,null,U+E5D9,SJIS-F34C,JIS-F34C,U+E143,SJIS-F784,U+FE514,\udbb9\udd14
e-515,U+1F38,null,null,null,null,U+E5CC,SJIS-F7FC,JIS-F7FC,U+E117,SJIS-F757,U+FE515,\udbb9\udd15
e-516,U+1F38,null,null,null,null,U+EA9B,SJIS-F36E,JIS-F36E,U+E310,SJIS-F9B0,U+FE516,\udbb9\udd16
e-517,U+1F38,null,null,null,null,U+EA9C,SJIS-F36F,JIS-F36F,U+E312,SJIS-F9B2,U+FE517,\udbb9\udd17
e-518,U+1F38,null,null,null,null,U+EAE3,SJIS-F3B7,JIS-F3B7,U+E436,SJIS-FB76,U+FE518,\udbb9\udd18
e-519,U+1F38,null,null,null,null,U+EAE4,SJIS-F3B8,JIS-F3B8,U+E438,SJIS-FB78,U+FE519,\udbb9\udd19
e-51A,U+1F39,null,null,null,null,U+EAE5,SJIS-F3B9,JIS-F3B9,U+E439,SJIS-FB79,U+FE51A,\udbb9\udd1a
e-51B,U+1F39,null,null,null,null,U+EAE6,SJIS-F3BA,JIS-F3BA,U+E43A,SJIS-FB7A,U+FE51B,\udbb9\udd1b
e-51C,U+1F38,null,null,null,null,U+EAE7,SJIS-F3BB,JIS-F3BB,U+E43B,SJIS-FB7B,U+FE51C,\udbb9\udd1c
e-51D,U+1F38,null,null,null,null,U+EAEB,SJIS-F3BF,JIS-F3BF,U+E440,SJIS-FB81,U+FE51D,\udbb9\udd1d
e-51E,U+1F39,null,null,null,null,U+EAED,SJIS-F3C1,JIS-F3C1,U+E442,SJIS-FB83,U+FE51E,\udbb9\udd1e
e-51F,U+1F38,null,null,null,null,U+EAEE,SJIS-F3C2,JIS-F3C2,U+E445,SJIS-FB86,U+FE51F,\udbb9\udd1f
e-520,U+1F38,null,null,null,null,U+E46F,SJIS-F647,JIS-F647,null,null,U+FE520,\udbb9\udd20
e-521,U+1F38,null,null,null,null,U+EB3D,SJIS-F441,JIS-F441,null,null,U+FE521,\udbb9\udd21
e-017,U+1F39,null,null,null,null,U+EAEF,SJIS-F3C3,JIS-F3C3,U+E446,SJIS-FB87,U+FE017,\udbb8\udc17
e-522,U+1F4D,null,U+E65A,SJIS-F8BB,JIS-F8BB,U+E59B,SJIS-F7B8,JIS-F7B8,null,null,U+FE522,\udbb9\udd22
e-523,U+260E,U+260E,U+E687,SJIS-F8E8,JIS-F8E8,U+E596,SJIS-F7B3,JIS-F7B3,U+E009,SJIS-F949,U+FE523,\udbb9\udd23
e-524,U+1F4D,null,U+E687,SJIS-F8E8,JIS-7835,U+E51E,SJIS-F6F7,JIS-F6F7,U+E009,SJIS-F949,U+FE524,\udbb9\udd24
e-525,U+1F4F,null,U+E688,SJIS-F8E9,JIS-F8E9,U+E588,SJIS-F7A5,JIS-F7A5,U+E00A,SJIS-F94A,U+FE525,\udbb9\udd25
e-526,U+1F4F,null,U+E6CE,SJIS-F972,JIS-F972,U+EB08,SJIS-F7DF,JIS-F7DF,U+E104,SJIS-F744,U+FE526,\udbb9\udd26
e-527,U+1F4D,null,U+E689,SJIS-F8EA,JIS-F8EA,U+EA92,SJIS-F365,JIS-F365,U+E301,SJIS-F9A1,U+FE527,\udbb9\udd27
e-528,U+1F4E,null,U+E6D0,SJIS-F974,JIS-F974,U+E520,SJIS-F6F9,JIS-F6F9,U+E00B,SJIS-F94B,U+FE528,\udbb9\udd28
e-529,U+2709,U+2709,U+E6D3,SJIS-F977,JIS-F977,U+E521,SJIS-F6FA,JIS-F6FA,U+E103,SJIS-F743,U+FE529,\udbb9\udd29
e-52A,U+1F4E,null,U+E6CF,SJIS-F973,JIS-7B47,U+E591,SJIS-F7AE,JIS-F7AE,U+E103,SJIS-F743,U+FE52A,\udbb9\udd2a
e-52B,U+1F4E,null,U+E6CF,SJIS-F973,JIS-F973,U+EB62,SJIS-F466,JIS-F466,U+E103,SJIS-F743,U+FE52B,\udbb9\udd2b
e-52C,U+1F4E,null,U+E665,SJIS-F8C6,JIS-7932,U+E51B,SJIS-F6F4,JIS-F6F4,U+E101,SJIS-F741,U+FE52C,\udbb9\udd2c
e-52D,U+1F4E,null,U+E665,SJIS-F8C6,JIS-7932,U+EB0A,SJIS-F7E1,JIS-F7E1,U+E101,SJIS-F741,U+FE52D,\udbb9\udd2d
e-52E,U+1F4E,null,U+E665,SJIS-F8C6,JIS-7932,U+E51B,SJIS-F6F4,JIS-7676,U+E102,SJIS-F742,U+FE52E,\udbb9\udd2e
e-822,U+1F4F,null,null,null,null,U+E58B,SJIS-F7A8,JIS-F7A8,null,null,U+FE822,\udbba\udc22
e-52F,U+1F4E,null,null,null,null,U+E511,SJIS-F6EA,JIS-766C,U+E142,SJIS-F783,U+FE52F,\udbb9\udd2f
e-530,U+1F4E,null,null,null,null,U+E511,SJIS-F6EA,JIS-766C,U+E317,SJIS-F9B7,U+FE530,\udbb9\udd30
e-531,U+1F4E,null,null,null,null,U+E4A8,SJIS-F681,JIS-F681,U+E14B,SJIS-F78C,U+FE531,\udbb9\udd31
e-533,U+1F4E,null,null,null,null,U+E592,SJIS-F7AF,JIS-F7AF,null,null,U+FE533,\udbb9\udd33
e-534,U+1F4E,null,null,null,null,U+E593,SJIS-F7B0,JIS-F7B0,null,null,U+FE534,\udbb9\udd34
e-535,U+1F4E,null,U+E685,SJIS-F8E6,JIS-762A,U+E51F,SJIS-F6F8,JIS-F6F8,U+E112,SJIS-F752,U+FE535,\udbb9\udd35
e-B92,U+1F4E,null,U+E6D3,SJIS-F977,JIS-767C,U+EB71,SJIS-F475,JIS-F475,U+E103,SJIS-F743,U+FEB92,\udbba\udf92
e-B7C,U+1F52,null,null,null,null,U+EAFD,SJIS-F7D4,JIS-F7D4,null,null,U+FEB7C,\udbba\udf7c
e-B7D,U+1F52,null,null,null,null,U+EAFE,SJIS-F7D5,JIS-F7D5,null,null,U+FEB7D,\udbba\udf7d
e-B7E,U+1F52,null,null,null,null,U+EAFF,SJIS-F7D6,JIS-F7D6,null,null,U+FEB7E,\udbba\udf7e
e-B7F,U+1F52,null,null,null,null,U+EB00,SJIS-F7D7,JIS-F7D7,null,null,U+FEB7F,\udbba\udf7f
e-B80,U+1F52,null,null,null,null,U+EB55,SJIS-F459,JIS-F459,null,null,U+FEB80,\udbba\udf80
e-536,U+2712,U+2712,U+E6AE,SJIS-F952,JIS-F952,U+EB03,SJIS-F7DA,JIS-F7DA,null,null,U+FE536,\udbb9\udd36
e-537,U+1F4B,null,U+E6B2,SJIS-F956,JIS-F956,null,null,null,U+E11F,SJIS-F75F,U+FE537,\udbb9\udd37
e-538,U+1F4B,null,U+E716,SJIS-F9BB,JIS-F9BB,U+E5B8,SJIS-F7E8,JIS-F7E8,U+E00C,SJIS-F94C,U+FE538,\udbb9\udd38
e-539,U+270F,U+270F,U+E719,SJIS-F9BE,JIS-F9BE,U+E4A1,SJIS-F679,JIS-F679,U+E301,SJIS-F9A1,U+FE539,\udbb9\udd39
e-53A,U+1F4C,null,U+E730,SJIS-F9D5,JIS-F9D5,U+E4A0,SJIS-F678,JIS-F678,null,null,U+FE53A,\udbb9\udd3a
e-53B,U+1F4B,null,U+E682,SJIS-F8E3,JIS-7555,U+E5CE,SJIS-F341,JIS-F341,U+E11E,SJIS-F75E,U+FE53B,\udbb9\udd3b
e-53C,U+1F4B,null,null,null,null,U+E582,SJIS-F79F,JIS-F79F,U+E316,SJIS-F9B6,U+FE53C,\udbb9\udd3c
e-53D,U+1F4B,null,null,null,null,U+E562,SJIS-F77E,JIS-F77E,U+E316,SJIS-F9B6,U+FE53D,\udbb9\udd3d
e-81D,U+1F4B,null,U+E68C,SJIS-F8ED,JIS-F8ED,U+E50C,SJIS-F6E5,JIS-F6E5,U+E126,SJIS-F766,U+FE81D,\udbba\udc1d
e-81E,U+1F4C,null,U+E68C,SJIS-F8ED,JIS-7667,U+E50C,SJIS-F6E5,JIS-7667,U+E127,SJIS-F767,U+FE81E,\udbba\udc1e
e-53E,U+2702,U+2702,U+E675,SJIS-F8D6,JIS-F8D6,U+E516,SJIS-F6EF,JIS-F6EF,U+E313,SJIS-F9B3,U+FE53E,\udbb9\udd3e
e-53F,U+1F4C,null,null,null,null,U+E560,SJIS-F77C,JIS-F77C,null,null,U+FE53F,\udbb9\udd3f
e-540,U+1F4C,null,U+E689,SJIS-F8EA,JIS-7946,U+E561,SJIS-F77D,JIS-F77D,U+E301,SJIS-F9A1,U+FE540,\udbb9\udd40
e-541,U+1F4C,null,U+E689,SJIS-F8EA,JIS-7946,U+E569,SJIS-F786,JIS-F786,U+E301,SJIS-F9A1,U+FE541,\udbb9\udd41
e-542,U+1F4C,null,null,null,null,U+E563,SJIS-F780,JIS-F780,null,null,U+FE542,\udbb9\udd42
e-543,U+1F4C,null,null,null,null,U+E58F,SJIS-F7AC,JIS-F7AC,null,null,U+FE543,\udbb9\udd43
e-544,U+1F4C,null,null,null,null,U+E590,SJIS-F7AD,JIS-F7AD,null,null,U+FE544,\udbb9\udd44
e-545,U+1F4D,null,U+E683,SJIS-F8E4,JIS-7558,U+E56B,SJIS-F788,JIS-F788,U+E148,SJIS-F789,U+FE545,\udbb9\udd45
e-546,U+1F4D,null,U+E683,SJIS-F8E4,JIS-F8E4,U+E49F,SJIS-F677,JIS-F677,U+E148,SJIS-F789,U+FE546,\udbb9\udd46
e-547,U+1F4D,null,U+E683,SJIS-F8E4,JIS-7558,U+E49D,SJIS-F675,JIS-F675,U+E148,SJIS-F789,U+FE547,\udbb9\udd47
e-502,U+1F4D,null,U+E683,SJIS-F8E4,JIS-7558,U+E568,SJIS-F785,JIS-F785,U+E148,SJIS-F789,U+FE502,\udbb9\udd02
e-4FF,U+1F4D,null,U+E683,SJIS-F8E4,JIS-7558,U+E565,SJIS-F782,JIS-F782,U+E148,SJIS-F789,U+FE4FF,\udbb9\udcff
e-500,U+1F4D,null,U+E683,SJIS-F8E4,JIS-7558,U+E566,SJIS-F783,JIS-F783,U+E148,SJIS-F789,U+FE500,\udbb9\udd00
e-501,U+1F4D,null,U+E683,SJIS-F8E4,JIS-7558,U+E567,SJIS-F784,JIS-F784,U+E148,SJIS-F789,U+FE501,\udbb9\udd01
e-503,U+1F4D,null,U+E683,SJIS-F8E4,JIS-7558,U+E56F,SJIS-F78C,JIS-F78C,U+E148,SJIS-F789,U+FE503,\udbb9\udd03
e-504,U+1F4D,null,null,null,null,U+E51D,SJIS-F6F6,JIS-F6F6,null,null,U+FE504,\udbb9\udd04
e-4FD,U+1F4D,null,U+E70A,SJIS-F9AF,JIS-7A74,U+E55F,SJIS-F77B,JIS-F77B,null,null,U+FE4FD,\udbb9\udcfd
e-548,U+1F4C,null,U+E689,SJIS-F8EA,JIS-7946,U+E564,SJIS-F781,JIS-F781,U+E301,SJIS-F9A1,U+FE548,\udbb9\udd48
e-549,U+1F4C,null,null,null,null,U+E56A,SJIS-F787,JIS-F787,null,null,U+FE549,\udbb9\udd49
e-54A,U+1F4C,null,null,null,null,U+E574,SJIS-F791,JIS-F791,U+E14A,SJIS-F78B,U+FE54A,\udbb9\udd4a
e-54B,U+1F4C,null,null,null,null,U+E575,SJIS-F792,JIS-F792,U+E14A,SJIS-F78B,U+FE54B,\udbb9\udd4b
e-54C,U+1F4C,null,null,null,null,U+E576,SJIS-F793,JIS-F793,null,null,U+FE54C,\udbb9\udd4c
e-54D,U+1F4C,null,U+E683,SJIS-F8E4,JIS-7558,U+E56C,SJIS-F789,JIS-F789,U+E148,SJIS-F789,U+FE54D,\udbb9\udd4d
e-54E,U+1F4C,null,null,null,null,U+E56D,SJIS-F78A,JIS-F78A,null,null,U+FE54E,\udbb9\udd4e
e-54F,U+1F4D,null,U+E683,SJIS-F8E4,JIS-7558,U+E56E,SJIS-F78B,JIS-F78B,U+E148,SJIS-F789,U+FE54F,\udbb9\udd4f
e-550,U+1F4C,null,null,null,null,U+E570,SJIS-F78D,JIS-F78D,null,null,U+FE550,\udbb9\udd50
e-551,U+1F4D,null,null,null,null,U+E4A2,SJIS-F67A,JIS-F67A,null,null,U+FE551,\udbb9\udd51
e-552,U+1F4D,null,U+E689,SJIS-F8EA,JIS-7946,U+EB0B,SJIS-F7E2,JIS-F7E2,U+E301,SJIS-F9A1,U+FE552,\udbb9\udd52
e-7D0,U+1F3B,null,U+E652,SJIS-F8B3,JIS-F8B3,null,null,null,null,null,U+FE7D0,\udbb9\udfd0
e-7D1,U+26BE,U+26BE,U+E653,SJIS-F8B4,JIS-F8B4,U+E4BA,SJIS-F693,JIS-F693,U+E016,SJIS-F956,U+FE7D1,\udbb9\udfd1
e-7D2,U+26F3,U+26F3,U+E654,SJIS-F8B5,JIS-F8B5,U+E599,SJIS-F7B6,JIS-F7B6,U+E014,SJIS-F954,U+FE7D2,\udbb9\udfd2
e-7D3,U+1F3B,null,U+E655,SJIS-F8B6,JIS-F8B6,U+E4B7,SJIS-F690,JIS-F690,U+E015,SJIS-F955,U+FE7D3,\udbb9\udfd3
e-7D4,U+26BD,U+26BD,U+E656,SJIS-F8B7,JIS-F8B7,U+E4B6,SJIS-F68F,JIS-F68F,U+E018,SJIS-F958,U+FE7D4,\udbb9\udfd4
e-7D5,U+1F3B,null,U+E657,SJIS-F8B8,JIS-F8B8,U+EAAC,SJIS-F380,JIS-F380,U+E013,SJIS-F953,U+FE7D5,\udbb9\udfd5
e-7D6,U+1F3C,null,U+E658,SJIS-F8B9,JIS-F8B9,U+E59A,SJIS-F7B7,JIS-F7B7,U+E42A,SJIS-FB6A,U+FE7D6,\udbb9\udfd6
e-7D7,U+1F3C,null,U+E659,SJIS-F8BA,JIS-F8BA,U+E4B9,SJIS-F692,JIS-F692,U+E132,SJIS-F772,U+FE7D7,\udbb9\udfd7
e-7D8,U+1F3C,null,U+E712,SJIS-F9B7,JIS-F9B7,U+E4B8,SJIS-F691,JIS-F691,null,null,U+FE7D8,\udbb9\udfd8
e-7D9,U+1F3C,null,U+E733,SJIS-F9D8,JIS-F9D8,U+E46B,SJIS-F643,JIS-F643,U+E115,SJIS-F755,U+FE7D9,\udbb9\udfd9
e-7DA,U+1F3C,null,U+E712,SJIS-F9B7,JIS-7571,U+EB41,SJIS-F445,JIS-F445,U+E017,SJIS-F957,U+FE7DA,\udbb9\udfda
e-7DB,U+1F3C,null,null,null,null,U+E5D3,SJIS-F346,JIS-F346,U+E131,SJIS-F771,U+FE7DB,\udbb9\udfdb
e-7DD,U+1F3C,null,null,null,null,U+E4BB,SJIS-F694,JIS-F694,U+E42B,SJIS-FB6B,U+FE7DD,\udbb9\udfdd
e-7DE,U+1F3C,null,null,null,null,U+EADE,SJIS-F3B2,JIS-F3B2,U+E42D,SJIS-FB6D,U+FE7DE,\udbb9\udfde
e-7DF,U+1F68,null,U+E65B,SJIS-F8BC,JIS-F8BC,U+E4B5,SJIS-F68E,JIS-F68E,U+E01E,SJIS-F95E,U+FE7DF,\udbb9\udfdf
e-7E0,U+1F68,null,U+E65C,SJIS-F8BD,JIS-786E,U+E5BC,SJIS-F7EC,JIS-F7EC,U+E434,SJIS-FB74,U+FE7E0,\udbb9\udfe0
e-7E1,U+24C2,U+24C2,U+E65C,SJIS-F8BD,JIS-F8BD,U+E5BC,SJIS-F7EC,JIS-786E,U+E434,SJIS-FB74,U+FE7E1,\udbb9\udfe1
e-7E2,U+1F68,null,U+E65D,SJIS-F8BE,JIS-F8BE,U+E4B0,SJIS-F689,JIS-7569,U+E435,SJIS-FB75,U+FE7E2,\udbb9\udfe2
e-7E3,U+1F68,null,U+E65D,SJIS-F8BE,JIS-7569,U+E4B0,SJIS-F689,JIS-F689,U+E01F,SJIS-F95F,U+FE7E3,\udbb9\udfe3
e-7E4,U+1F69,null,U+E65E,SJIS-F8BF,JIS-F8BF,U+E4B1,SJIS-F68A,JIS-F68A,U+E01B,SJIS-F95B,U+FE7E4,\udbb9\udfe4
e-7E5,U+1F69,null,U+E65F,SJIS-F8C0,JIS-F8C0,U+E4B1,SJIS-F68A,JIS-756A,U+E42E,SJIS-FB6E,U+FE7E5,\udbb9\udfe5
e-7E6,U+1F68,null,U+E660,SJIS-F8C1,JIS-F8C1,U+E4AF,SJIS-F688,JIS-F688,U+E159,SJIS-F79A,U+FE7E6,\udbb9\udfe6
e-7E7,U+1F68,null,null,null,null,U+E4A7,SJIS-F680,JIS-F680,U+E150,SJIS-F791,U+FE7E7,\udbb9\udfe7
e-7E8,U+1F6A,null,U+E661,SJIS-F8C2,JIS-F8C2,U+EA82,SJIS-F355,JIS-F355,U+E202,SJIS-F7A2,U+FE7E8,\udbb9\udfe8
e-7E9,U+2708,U+2708,U+E662,SJIS-F8C3,JIS-F8C3,U+E4B3,SJIS-F68C,JIS-F68C,U+E01D,SJIS-F95D,U+FE7E9,\udbb9\udfe9
e-7EA,U+26F5,U+26F5,U+E6A3,SJIS-F947,JIS-F947,U+E4B4,SJIS-F68D,JIS-F68D,U+E01C,SJIS-F95C,U+FE7EA,\udbb9\udfea
e-7EC,U+1F68,null,null,null,null,U+EB6D,SJIS-F471,JIS-F471,U+E039,SJIS-F979,U+FE7EC,\udbb9\udfec
e-7ED,U+1F68,null,null,null,null,U+E5C8,SJIS-F7F8,JIS-F7F8,U+E10D,SJIS-F74D,U+FE7ED,\udbb9\udfed
e-7EE,U+1F6A,null,U+E6A3,SJIS-F947,JIS-756D,U+E4B4,SJIS-F68D,JIS-756D,U+E135,SJIS-F775,U+FE7EE,\udbb9\udfee
e-7EF,U+1F69,null,U+E65E,SJIS-F8BF,JIS-756A,U+E4B1,SJIS-F68A,JIS-756A,U+E15A,SJIS-F79B,U+FE7EF,\udbb9\udfef
e-7F1,U+1F69,null,null,null,null,U+E4B2,SJIS-F68B,JIS-F68B,U+E42F,SJIS-FB6F,U+FE7F1,\udbb9\udff1
e-7F2,U+1F69,null,null,null,null,U+EADF,SJIS-F3B3,JIS-F3B3,U+E430,SJIS-FB70,U+FE7F2,\udbb9\udff2
e-7F3,U+1F69,null,null,null,null,U+EAE0,SJIS-F3B4,JIS-F3B4,U+E431,SJIS-FB71,U+FE7F3,\udbb9\udff3
e-7F4,U+1F69,null,null,null,null,U+EAE1,SJIS-F3B5,JIS-F3B5,U+E432,SJIS-FB72,U+FE7F4,\udbb9\udff4
e-7F5,U+26FD,U+26FD,U+E66B,SJIS-F8CC,JIS-F8CC,U+E571,SJIS-F78E,JIS-F78E,U+E03A,SJIS-F97A,U+FE7F5,\udbb9\udff5
e-7F6,U+1F17,U+1F17,U+E66C,SJIS-F8CD,JIS-F8CD,U+E4A6,SJIS-F67E,JIS-F67E,U+E14F,SJIS-F790,U+FE7F6,\udbb9\udff6
e-7F7,U+1F6A,null,U+E66D,SJIS-F8CE,JIS-F8CE,U+E46A,SJIS-F642,JIS-F642,U+E14E,SJIS-F78F,U+FE7F7,\udbb9\udff7
e-7F8,U+1F6A,null,null,null,null,U+E5D7,SJIS-F34A,JIS-F34A,U+E137,SJIS-F777,U+FE7F8,\udbb9\udff8
e-7F9,U+1F6A,null,null,null,null,U+EB73,SJIS-F477,JIS-F477,U+E432,SJIS-FB72,U+FE7F9,\udbb9\udff9
e-7FA,U+2668,U+2668,U+E6F7,SJIS-F99C,JIS-F99C,U+E4BC,SJIS-F695,JIS-F695,U+E123,SJIS-F763,U+FE7FA,\udbb9\udffa
e-7FB,U+26FA,U+26FA,null,null,null,U+E5D0,SJIS-F343,JIS-F343,U+E122,SJIS-F762,U+FE7FB,\udbb9\udffb
e-7FC,U+1F3A,null,U+E679,SJIS-F8DA,JIS-F8DA,null,null,null,null,null,U+FE7FC,\udbb9\udffc
e-7FD,U+1F3A,null,null,null,null,U+E46D,SJIS-F645,JIS-F645,U+E124,SJIS-F764,U+FE7FD,\udbb9\udffd
e-7FE,U+1F3A,null,null,null,null,U+EAE2,SJIS-F3B6,JIS-F3B6,U+E433,SJIS-FB73,U+FE7FE,\udbb9\udffe
e-7FF,U+1F3A,null,U+E751,SJIS-F9F6,JIS-7A60,U+EB42,SJIS-F446,JIS-F446,U+E019,SJIS-F959,U+FE7FF,\udbb9\udfff
e-800,U+1F3A,null,U+E676,SJIS-F8D7,JIS-F8D7,U+E503,SJIS-F6DC,JIS-F6DC,U+E03C,SJIS-F97C,U+FE800,\udbba\udc00
e-801,U+1F3A,null,U+E677,SJIS-F8D8,JIS-F8D8,U+E517,SJIS-F6F0,JIS-F6F0,U+E03D,SJIS-F97D,U+FE801,\udbba\udc01
e-802,U+1F3A,null,U+E677,SJIS-F8D8,JIS-7672,U+E517,SJIS-F6F0,JIS-7672,U+E507,SJIS-FBA7,U+FE802,\udbba\udc02
e-803,U+1F3A,null,U+E67A,SJIS-F8DB,JIS-F8DB,U+E508,SJIS-F6E1,JIS-F6E1,U+E30A,SJIS-F9AA,U+FE803,\udbba\udc03
e-804,U+1F3A,null,U+E67B,SJIS-F8DC,JIS-F8DC,U+E59C,SJIS-F7B9,JIS-F7B9,U+E502,SJIS-FBA2,U+FE804,\udbba\udc04
e-805,U+1F3A,null,U+E67C,SJIS-F8DD,JIS-F8DD,U+EAF5,SJIS-F3C9,JIS-F3C9,U+E503,SJIS-FBA3,U+FE805,\udbba\udc05
e-806,U+1F3A,null,U+E67D,SJIS-F8DE,JIS-F8DE,U+E59E,SJIS-F7BB,JIS-F7BB,null,null,U+FE806,\udbba\udc06
e-807,U+1F3A,null,U+E67E,SJIS-F8DF,JIS-F8DF,U+E49E,SJIS-F676,JIS-F676,U+E125,SJIS-F765,U+FE807,\udbba\udc07
e-808,U+1F3A,null,U+E6AC,SJIS-F950,JIS-F950,U+E4BE,SJIS-F697,JIS-F697,U+E324,SJIS-F9C4,U+FE808,\udbba\udc08
e-809,U+1F3A,null,null,null,null,U+E59D,SJIS-F7BA,JIS-F7BA,U+E503,SJIS-FBA3,U+FE809,\udbba\udc09
e-80A,U+1F3A,null,U+E68B,SJIS-F8EC,JIS-F8EC,U+E4C6,SJIS-F69F,JIS-F69F,null,null,U+FE80A,\udbba\udc0a
e-80B,U+1F00,U+1F00,null,null,null,U+E5D1,SJIS-F344,JIS-F344,U+E12D,SJIS-F76D,U+FE80B,\udbba\udc0b
e-80C,U+1F3A,null,null,null,null,U+E4C5,SJIS-F69E,JIS-F69E,U+E130,SJIS-F770,U+FE80C,\udbba\udc0c
e-80D,U+1F3B,null,null,null,null,U+E46E,SJIS-F646,JIS-F646,U+E133,SJIS-F773,U+FE80D,\udbba\udc0d
e-80E,U+1F3B,null,null,null,null,U+EADD,SJIS-F3B1,JIS-F3B1,U+E42C,SJIS-FB6C,U+FE80E,\udbba\udc0e
e-80F,U+1F3B,null,null,null,null,U+E4C8,SJIS-F6A1,JIS-F6A1,null,null,U+FE80F,\udbba\udc0f
e-810,U+1F3B,null,null,null,null,U+EB43,SJIS-F447,JIS-F447,null,null,U+FE810,\udbba\udc10
e-811,U+1F3B,null,null,null,null,U+EB6E,SJIS-F472,JIS-F472,null,null,U+FE811,\udbba\udc11
e-812,U+1F0C,null,null,null,null,U+EB6F,SJIS-F473,JIS-F473,null,null,U+FE812,\udbba\udc12
e-813,U+1F3B,null,U+E6F6,SJIS-F99B,JIS-F99B,U+E5BE,SJIS-F7EE,JIS-F7EE,U+E03E,SJIS-F97E,U+FE813,\udbba\udc13
e-814,U+1F3B,null,U+E6FF,SJIS-F9A4,JIS-F9A4,U+E505,SJIS-F6DE,JIS-F6DE,U+E326,SJIS-F9C6,U+FE814,\udbba\udc14
e-815,U+1F3B,null,null,null,null,null,null,null,U+E040,SJIS-F981,U+FE815,\udbba\udc15
e-816,U+1F3B,null,null,null,null,U+E506,SJIS-F6DF,JIS-F6DF,U+E041,SJIS-F982,U+FE816,\udbba\udc16
e-817,U+1F3B,null,null,null,null,U+EB40,SJIS-F444,JIS-F444,null,null,U+FE817,\udbba\udc17
e-818,U+1F3B,null,null,null,null,U+EADC,SJIS-F3B0,JIS-F3B0,U+E042,SJIS-F983,U+FE818,\udbba\udc18
e-819,U+1F3B,null,null,null,null,U+E507,SJIS-F6E0,JIS-F6E0,null,null,U+FE819,\udbba\udc19
e-81A,U+1F3B,null,U+E6FF,SJIS-F9A4,JIS-7660,U+EACC,SJIS-F3A0,JIS-F3A0,U+E326,SJIS-F9C6,U+FE81A,\udbba\udc1a
e-81B,U+303D,U+303D,null,null,null,null,null,null,U+E12C,SJIS-F76C,U+FE81B,\udbba\udc1b
e-4EF,U+1F4F,null,U+E681,SJIS-F8E2,JIS-F8E2,U+E515,SJIS-F6EE,JIS-F6EE,U+E008,SJIS-F948,U+FE4EF,\udbb9\udcef
e-4F9,U+1F4F,null,U+E677,SJIS-F8D8,JIS-7672,U+E57E,SJIS-F79B,JIS-F79B,U+E03D,SJIS-F97D,U+FE4F9,\udbb9\udcf9
e-81C,U+1F4F,null,U+E68A,SJIS-F8EB,JIS-F8EB,U+E502,SJIS-F6DB,JIS-F6DB,U+E12A,SJIS-F76A,U+FE81C,\udbba\udc1c
e-81F,U+1F4F,null,null,null,null,U+E5B9,SJIS-F7E9,JIS-F7E9,U+E128,SJIS-F768,U+FE81F,\udbba\udc1f
e-820,U+1F4F,null,null,null,null,U+E580,SJIS-F79D,JIS-F79D,U+E129,SJIS-F769,U+FE820,\udbba\udc20
e-823,U+1F48,null,U+E6F9,SJIS-F99E,JIS-F99E,U+E4EB,SJIS-F6C4,JIS-F6C4,U+E003,SJIS-F943,U+FE823,\udbba\udc23
e-824,U+1F48,null,U+E717,SJIS-F9BC,JIS-F9BC,U+EB78,SJIS-F47C,JIS-F47C,U+E103+U+E328,SJIS-F743+SJIS-F9C8,U+FE824,\udbba\udc24
e-825,U+1F48,null,U+E71B,SJIS-F9C0,JIS-F9C0,U+E514,SJIS-F6ED,JIS-F6ED,U+E034,SJIS-F974,U+FE825,\udbba\udc25
e-826,U+1F48,null,U+E71B,SJIS-F9C0,JIS-766F,U+E514,SJIS-F6ED,JIS-766F,U+E035,SJIS-F975,U+FE826,\udbba\udc26
e-827,U+1F48,null,U+E6F9,SJIS-F99E,JIS-7646,U+E5CA,SJIS-F7FA,JIS-F7FA,U+E111,SJIS-F751,U+FE827,\udbba\udc27
e-828,U+1F49,null,null,null,null,U+EA95,SJIS-F368,JIS-F368,U+E306,SJIS-F9A6,U+FE828,\udbba\udc28
e-829,U+1F49,null,U+E6ED,SJIS-F992,JIS-7B5A,U+EADA,SJIS-F3AE,JIS-F3AE,U+E425,SJIS-FB65,U+FE829,\udbba\udc29
e-82A,U+1F49,null,null,null,null,U+E5BB,SJIS-F7EB,JIS-786D,U+E43D,SJIS-FB7D,U+FE82A,\udbba\udc2a
e-B25,U+1F51,null,null,null,null,U+EA83,SJIS-F356,JIS-F356,U+E207,SJIS-F7A7,U+FEB25,\udbba\udf25
e-B29,U+00A9,U+00A9,U+E731,SJIS-F9D6,JIS-F9D6,U+E558,SJIS-F774,JIS-F774,U+E24E,SJIS-F7EE,U+FEB29,\udbba\udf29
e-B2D,U+00AE,U+00AE,U+E736,SJIS-F9DB,JIS-F9DB,U+E559,SJIS-F775,JIS-F775,U+E24F,SJIS-F7EF,U+FEB2D,\udbba\udf2d
e-B2A,U+2122,U+2122,U+E732,SJIS-F9D7,JIS-F9D7,U+E54E,SJIS-F76A,JIS-F76A,U+E537,SJIS-FBD7,U+FEB2A,\udbba\udf2a
e-B47,U+2139,U+2139,null,null,null,U+E533,SJIS-F74F,JIS-F74F,null,null,U+FEB47,\udbba\udf47
e-82C,U+0023,U+0023,U+E6E0,SJIS-F985,JIS-F985,U+EB84,SJIS-F489,JIS-F489,U+E210,SJIS-F7B0,U+FE82C,\udbba\udc2c
e-82E,U+0031,U+0031,U+E6E2,SJIS-F987,JIS-F987,U+E522,SJIS-F6FB,JIS-F6FB,U+E21C,SJIS-F7BC,U+FE82E,\udbba\udc2e
e-82F,U+0032,U+0032,U+E6E3,SJIS-F988,JIS-F988,U+E523,SJIS-F6FC,JIS-F6FC,U+E21D,SJIS-F7BD,U+FE82F,\udbba\udc2f
e-830,U+0033,U+0033,U+E6E4,SJIS-F989,JIS-F989,U+E524,SJIS-F740,JIS-F740,U+E21E,SJIS-F7BE,U+FE830,\udbba\udc30
e-831,U+0034,U+0034,U+E6E5,SJIS-F98A,JIS-F98A,U+E525,SJIS-F741,JIS-F741,U+E21F,SJIS-F7BF,U+FE831,\udbba\udc31
e-832,U+0035,U+0035,U+E6E6,SJIS-F98B,JIS-F98B,U+E526,SJIS-F742,JIS-F742,U+E220,SJIS-F7C0,U+FE832,\udbba\udc32
e-833,U+0036,U+0036,U+E6E7,SJIS-F98C,JIS-F98C,U+E527,SJIS-F743,JIS-F743,U+E221,SJIS-F7C1,U+FE833,\udbba\udc33
e-834,U+0037,U+0037,U+E6E8,SJIS-F98D,JIS-F98D,U+E528,SJIS-F744,JIS-F744,U+E222,SJIS-F7C2,U+FE834,\udbba\udc34
e-835,U+0038,U+0038,U+E6E9,SJIS-F98E,JIS-F98E,U+E529,SJIS-F745,JIS-F745,U+E223,SJIS-F7C3,U+FE835,\udbba\udc35
e-836,U+0039,U+0039,U+E6EA,SJIS-F98F,JIS-F98F,U+E52A,SJIS-F746,JIS-F746,U+E224,SJIS-F7C4,U+FE836,\udbba\udc36
e-837,U+0030,U+0030,U+E6EB,SJIS-F990,JIS-F990,U+E5AC,SJIS-F7C9,JIS-F7C9,U+E225,SJIS-F7C5,U+FE837,\udbba\udc37
e-83B,U+1F51,null,null,null,null,U+E52B,SJIS-F747,JIS-F747,null,null,U+FE83B,\udbba\udc3b
e-838,U+1F4F,null,null,null,null,U+EA84,SJIS-F357,JIS-F357,U+E20B,SJIS-F7AB,U+FE838,\udbba\udc38
e-839,U+1F4F,null,null,null,null,U+EA90,SJIS-F363,JIS-F363,U+E250,SJIS-F7F0,U+FE839,\udbba\udc39
e-83A,U+1F4F,null,null,null,null,U+EA91,SJIS-F364,JIS-F364,U+E251,SJIS-F7F1,U+FE83A,\udbba\udc3a
e-960,U+1F35,null,U+E673,SJIS-F8D4,JIS-F8D4,U+E4D6,SJIS-F6AF,JIS-F6AF,U+E120,SJIS-F760,U+FE960,\udbba\udd60
e-961,U+1F35,null,U+E749,SJIS-F9EE,JIS-F9EE,U+E4D5,SJIS-F6AE,JIS-F6AE,U+E342,SJIS-F9E2,U+FE961,\udbba\udd61
e-962,U+1F37,null,U+E74A,SJIS-F9EF,JIS-F9EF,U+E4D0,SJIS-F6A9,JIS-F6A9,U+E046,SJIS-F987,U+FE962,\udbba\udd62
e-963,U+1F35,null,U+E74C,SJIS-F9F1,JIS-F9F1,U+E5B4,SJIS-F7D1,JIS-F7D1,U+E340,SJIS-F9E0,U+FE963,\udbba\udd63
e-964,U+1F35,null,U+E74D,SJIS-F9F2,JIS-F9F2,U+EAAF,SJIS-F383,JIS-F383,U+E339,SJIS-F9D9,U+FE964,\udbba\udd64
e-965,U+1F37,null,null,null,null,U+E4D1,SJIS-F6AA,JIS-F6AA,U+E147,SJIS-F788,U+FE965,\udbba\udd65
e-966,U+1F36,null,null,null,null,U+EAB0,SJIS-F384,JIS-F384,U+E33A,SJIS-F9DA,U+FE966,\udbba\udd66
e-967,U+1F35,null,null,null,null,U+EAB1,SJIS-F385,JIS-F385,U+E33B,SJIS-F9DB,U+FE967,\udbba\udd67
e-968,U+1F36,null,null,null,null,U+EAB2,SJIS-F386,JIS-F386,U+E33C,SJIS-F9DC,U+FE968,\udbba\udd68
e-969,U+1F35,null,null,null,null,U+EAB3,SJIS-F387,JIS-F387,U+E33D,SJIS-F9DD,U+FE969,\udbba\udd69
e-96A,U+1F35,null,U+E74C,SJIS-F9F1,JIS-7853,U+EAB4,SJIS-F388,JIS-F388,U+E33E,SJIS-F9DE,U+FE96A,\udbba\udd6a
e-96B,U+1F35,null,null,null,null,U+EAB5,SJIS-F389,JIS-F389,U+E33F,SJIS-F9DF,U+FE96B,\udbba\udd6b
e-96C,U+1F35,null,null,null,null,U+EAB6,SJIS-F38A,JIS-F38A,U+E341,SJIS-F9E1,U+FE96C,\udbba\udd6c
e-96D,U+1F36,null,null,null,null,U+EAB7,SJIS-F38B,JIS-F38B,U+E343,SJIS-F9E3,U+FE96D,\udbba\udd6d
e-96E,U+1F36,null,null,null,null,U+EAB8,SJIS-F38C,JIS-F38C,U+E344,SJIS-F9E4,U+FE96E,\udbba\udd6e
e-96F,U+1F37,null,null,null,null,U+EABD,SJIS-F391,JIS-F391,U+E34C,SJIS-F9EC,U+FE96F,\udbba\udd6f
e-970,U+1F37,null,null,null,null,U+EABE,SJIS-F392,JIS-F392,U+E34D,SJIS-F9ED,U+FE970,\udbba\udd70
e-971,U+1F36,null,null,null,null,U+EAEA,SJIS-F3BE,JIS-F3BE,U+E43F,SJIS-FB80,U+FE971,\udbba\udd71
e-972,U+1F35,null,null,null,null,U+E4C4,SJIS-F69D,JIS-F69D,null,null,U+FE972,\udbba\udd72
e-973,U+1F36,null,U+E643,SJIS-F8A4,JIS-7522,U+E4ED,SJIS-F6C6,JIS-F6C6,null,null,U+FE973,\udbba\udd73
e-974,U+1F36,null,null,null,null,U+EB3A,SJIS-F3FB,JIS-F3FB,null,null,U+FE974,\udbba\udd74
e-975,U+1F35,null,null,null,null,U+EB3B,SJIS-F3FC,JIS-F3FC,null,null,U+FE975,\udbba\udd75
e-976,U+1F35,null,null,null,null,U+EB3C,SJIS-F440,JIS-F440,null,null,U+FE976,\udbba\udd76
e-977,U+1F36,null,null,null,null,U+EB4A,SJIS-F44E,JIS-F44E,null,null,U+FE977,\udbba\udd77
e-978,U+1F36,null,null,null,null,U+EB4B,SJIS-F44F,JIS-F44F,null,null,U+FE978,\udbba\udd78
e-979,U+1F36,null,null,null,null,U+EB4C,SJIS-F450,JIS-F450,null,null,U+FE979,\udbba\udd79
e-97A,U+1F36,null,null,null,null,U+EB4D,SJIS-F451,JIS-F451,null,null,U+FE97A,\udbba\udd7a
e-97B,U+1F36,null,null,null,null,U+EB4E,SJIS-F452,JIS-F452,null,null,U+FE97B,\udbba\udd7b
e-97C,U+1F36,null,null,null,null,U+EB4F,SJIS-F453,JIS-F453,null,null,U+FE97C,\udbba\udd7c
e-97D,U+1F36,null,null,null,null,U+EB56,SJIS-F45A,JIS-F45A,null,null,U+FE97D,\udbba\udd7d
e-97E,U+1F36,null,null,null,null,U+EB59,SJIS-F45D,JIS-F45D,null,null,U+FE97E,\udbba\udd7e
e-97F,U+1F36,null,null,null,null,U+EB70,SJIS-F474,JIS-F474,null,null,U+FE97F,\udbba\udd7f
e-980,U+1F37,null,U+E66F,SJIS-F8D0,JIS-F8D0,U+E4AC,SJIS-F685,JIS-F685,U+E043,SJIS-F984,U+FE980,\udbba\udd80
e-981,U+2615,U+2615,U+E670,SJIS-F8D1,JIS-F8D1,U+E597,SJIS-F7B4,JIS-F7B4,U+E045,SJIS-F986,U+FE981,\udbba\udd81
e-982,U+1F37,null,U+E671,SJIS-F8D2,JIS-F8D2,U+E4C2,SJIS-F69B,JIS-F69B,U+E044,SJIS-F985,U+FE982,\udbba\udd82
e-983,U+1F37,null,U+E672,SJIS-F8D3,JIS-F8D3,U+E4C3,SJIS-F69C,JIS-F69C,U+E047,SJIS-F988,U+FE983,\udbba\udd83
e-984,U+1F37,null,U+E71E,SJIS-F9C3,JIS-F9C3,U+EAAE,SJIS-F382,JIS-F382,U+E338,SJIS-F9D8,U+FE984,\udbba\udd84
e-985,U+1F37,null,U+E74B,SJIS-F9F0,JIS-F9F0,U+EA97,SJIS-F36A,JIS-F36A,U+E30B,SJIS-F9AB,U+FE985,\udbba\udd85
e-986,U+1F37,null,U+E756,SJIS-F9FB,JIS-F9FB,U+E4C1,SJIS-F69A,JIS-F69A,U+E044,SJIS-F985,U+FE986,\udbba\udd86
e-987,U+1F37,null,U+E672,SJIS-F8D3,JIS-757C,U+EA98,SJIS-F36B,JIS-F36B,U+E30C,SJIS-F9AC,U+FE987,\udbba\udd87
e-988,U+1F37,null,U+E671,SJIS-F8D2,JIS-757B,U+EB3E,SJIS-F442,JIS-F442,U+E044,SJIS-F985,U+FE988,\udbba\udd88
e-AF0,U+2197,U+2197,U+E678,SJIS-F8D9,JIS-F8D9,U+E555,SJIS-F771,JIS-F771,U+E236,SJIS-F7D6,U+FEAF0,\udbba\udef0
e-AF1,U+2198,U+2198,U+E696,SJIS-F8F7,JIS-F8F7,U+E54D,SJIS-F769,JIS-F769,U+E238,SJIS-F7D8,U+FEAF1,\udbba\udef1
e-AF2,U+2196,U+2196,U+E697,SJIS-F8F8,JIS-F8F8,U+E54C,SJIS-F768,JIS-F768,U+E237,SJIS-F7D7,U+FEAF2,\udbba\udef2
e-AF3,U+2199,U+2199,U+E6A5,SJIS-F949,JIS-F949,U+E556,SJIS-F772,JIS-F772,U+E239,SJIS-F7D9,U+FEAF3,\udbba\udef3
e-AF4,U+2934,U+2934,U+E6F5,SJIS-F99A,JIS-F99A,U+EB2D,SJIS-F3EE,JIS-F3EE,U+E236,SJIS-F7D6,U+FEAF4,\udbba\udef4
e-AF5,U+2935,U+2935,U+E700,SJIS-F9A5,JIS-F9A5,U+EB2E,SJIS-F3EF,JIS-F3EF,U+E238,SJIS-F7D8,U+FEAF5,\udbba\udef5
e-AF6,U+2194,U+2194,U+E73C,SJIS-F9E1,JIS-F9E1,U+EB7A,SJIS-F47E,JIS-F47E,null,null,U+FEAF6,\udbba\udef6
e-AF7,U+2195,U+2195,U+E73D,SJIS-F9E2,JIS-F9E2,U+EB7B,SJIS-F480,JIS-F480,null,null,U+FEAF7,\udbba\udef7
e-AF8,U+2B06,U+2B06,null,null,null,U+E53F,SJIS-F75B,JIS-F75B,U+E232,SJIS-F7D2,U+FEAF8,\udbba\udef8
e-AF9,U+2B07,U+2B07,null,null,null,U+E540,SJIS-F75C,JIS-F75C,U+E233,SJIS-F7D3,U+FEAF9,\udbba\udef9
e-AFA,U+27A1,U+27A1,null,null,null,U+E552,SJIS-F76E,JIS-F76E,U+E234,SJIS-F7D4,U+FEAFA,\udbba\udefa
e-AFB,U+2B05,U+2B05,null,null,null,U+E553,SJIS-F76F,JIS-F76F,U+E235,SJIS-F7D5,U+FEAFB,\udbba\udefb
e-AFC,U+25B6,U+25B6,null,null,null,U+E52E,SJIS-F74A,JIS-F74A,U+E23A,SJIS-F7DA,U+FEAFC,\udbba\udefc
e-AFD,U+25C0,U+25C0,null,null,null,U+E52D,SJIS-F749,JIS-F749,U+E23B,SJIS-F7DB,U+FEAFD,\udbba\udefd
e-AFE,U+23E9,null,null,null,null,U+E530,SJIS-F74C,JIS-F74C,U+E23C,SJIS-F7DC,U+FEAFE,\udbba\udefe
e-AFF,U+23EA,null,null,null,null,U+E52F,SJIS-F74B,JIS-F74B,U+E23D,SJIS-F7DD,U+FEAFF,\udbba\udeff
e-B03,U+23EB,null,null,null,null,U+E545,SJIS-F761,JIS-F761,null,null,U+FEB03,\udbba\udf03
e-B02,U+23EC,null,null,null,null,U+E544,SJIS-F760,JIS-F760,null,null,U+FEB02,\udbba\udf02
e-B78,U+1F53,null,null,null,null,U+E55A,SJIS-F776,JIS-F776,null,null,U+FEB78,\udbba\udf78
e-B79,U+1F53,null,null,null,null,U+E55B,SJIS-F777,JIS-F777,null,null,U+FEB79,\udbba\udf79
e-B01,U+1F53,null,null,null,null,U+E543,SJIS-F75F,JIS-F75F,null,null,U+FEB01,\udbba\udf01
e-B00,U+1F53,null,null,null,null,U+E542,SJIS-F75E,JIS-F75E,null,null,U+FEB00,\udbba\udf00
e-B44,U+2B55,U+2B55,U+E6A0,SJIS-F944,JIS-7E24,U+EAAD,SJIS-F381,JIS-F381,U+E332,SJIS-F9D2,U+FEB44,\udbba\udf44
e-B45,U+274C,null,null,null,null,U+E550,SJIS-F76C,JIS-F76C,U+E333,SJIS-F9D3,U+FEB45,\udbba\udf45
e-B46,U+274E,null,null,null,null,U+E551,SJIS-F76D,JIS-F76D,U+E333,SJIS-F9D3,U+FEB46,\udbba\udf46
e-B04,U+2762,U+2762,U+E702,SJIS-F9A7,JIS-F9A7,U+E482,SJIS-F65A,JIS-F65A,U+E021,SJIS-F961,U+FEB04,\udbba\udf04
e-B05,U+2049,U+2049,U+E703,SJIS-F9A8,JIS-F9A8,U+EB2F,SJIS-F3F0,JIS-F3F0,null,null,U+FEB05,\udbba\udf05
e-B06,U+203C,U+203C,U+E704,SJIS-F9A9,JIS-F9A9,U+EB30,SJIS-F3F1,JIS-F3F1,null,null,U+FEB06,\udbba\udf06
e-B09,U+2753,null,null,null,null,U+E483,SJIS-F65B,JIS-F65B,U+E020,SJIS-F960,U+FEB09,\udbba\udf09
e-B0A,U+2754,null,null,null,null,U+E483,SJIS-F65B,JIS-753C,U+E336,SJIS-F9D6,U+FEB0A,\udbba\udf0a
e-B0B,U+2755,null,U+E702,SJIS-F9A7,JIS-753B,U+E482,SJIS-F65A,JIS-753B,U+E337,SJIS-F9D7,U+FEB0B,\udbba\udf0b
e-B07,U+3030,U+3030,U+E709,SJIS-F9AE,JIS-F9AE,null,null,null,null,null,U+FEB07,\udbba\udf07
e-B08,U+27B0,null,U+E70A,SJIS-F9AF,JIS-F9AF,U+EB31,SJIS-F3F2,JIS-F3F2,null,null,U+FEB08,\udbba\udf08
e-82B,U+27BF,null,U+E6DF,SJIS-F984,JIS-F984,null,null,null,U+E211,SJIS-F7B1,U+FE82B,\udbba\udc2b
e-B0C,U+2764,U+2764,U+E6EC,SJIS-F991,JIS-F991,U+E595,SJIS-F7B2,JIS-F7B2,U+E022,SJIS-F962,U+FEB0C,\udbba\udf0c
e-B0D,U+1F49,null,U+E6ED,SJIS-F992,JIS-F992,U+EB75,SJIS-F479,JIS-F479,U+E327,SJIS-F9C7,U+FEB0D,\udbba\udf0d
e-B0E,U+1F49,null,U+E6EE,SJIS-F993,JIS-F993,U+E477,SJIS-F64F,JIS-F64F,U+E023,SJIS-F963,U+FEB0E,\udbba\udf0e
e-B0F,U+1F49,null,U+E6EF,SJIS-F994,JIS-F994,U+E478,SJIS-F650,JIS-F650,U+E327,SJIS-F9C7,U+FEB0F,\udbba\udf0f
e-B10,U+1F49,null,U+E6EC,SJIS-F991,JIS-7834,U+EAA6,SJIS-F379,JIS-F379,U+E327,SJIS-F9C7,U+FEB10,\udbba\udf10
e-B11,U+1F49,null,U+E6ED,SJIS-F992,JIS-7B5A,U+EB75,SJIS-F479,JIS-7B5A,U+E328,SJIS-F9C8,U+FEB11,\udbba\udf11
e-B12,U+1F49,null,U+E6EC,SJIS-F991,JIS-7834,U+E4EA,SJIS-F6C3,JIS-F6C3,U+E329,SJIS-F9C9,U+FEB12,\udbba\udf12
e-B13,U+1F49,null,U+E6EC,SJIS-F991,JIS-7834,U+EAA7,SJIS-F37A,JIS-F37A,U+E32A,SJIS-F9CA,U+FEB13,\udbba\udf13
e-B14,U+1F49,null,U+E6EC,SJIS-F991,JIS-7834,U+EAA8,SJIS-F37B,JIS-F37B,U+E32B,SJIS-F9CB,U+FEB14,\udbba\udf14
e-B15,U+1F49,null,U+E6EC,SJIS-F991,JIS-7834,U+EAA9,SJIS-F37C,JIS-F37C,U+E32C,SJIS-F9CC,U+FEB15,\udbba\udf15
e-B16,U+1F49,null,U+E6EC,SJIS-F991,JIS-7834,U+EAAA,SJIS-F37D,JIS-F37D,U+E32D,SJIS-F9CD,U+FEB16,\udbba\udf16
e-B17,U+1F49,null,U+E6EC,SJIS-F991,JIS-7834,U+EB54,SJIS-F458,JIS-F458,U+E437,SJIS-FB77,U+FEB17,\udbba\udf17
e-B18,U+1F49,null,U+E6ED,SJIS-F992,JIS-7B5A,U+E5AF,SJIS-F7CC,JIS-F7CC,U+E327,SJIS-F9C7,U+FEB18,\udbba\udf18
e-B19,U+1F49,null,U+E6F8,SJIS-F99D,JIS-7E29,U+E595,SJIS-F7B2,JIS-7834,U+E204,SJIS-F7A4,U+FEB19,\udbba\udf19
e-B1A,U+2665,U+2665,U+E68D,SJIS-F8EE,JIS-F8EE,U+EAA5,SJIS-F378,JIS-F378,U+E20C,SJIS-F7AC,U+FEB1A,\udbba\udf1a
e-B1B,U+2660,U+2660,U+E68E,SJIS-F8EF,JIS-F8EF,U+E5A1,SJIS-F7BE,JIS-F7BE,U+E20E,SJIS-F7AE,U+FEB1B,\udbba\udf1b
e-B1C,U+2666,U+2666,U+E68F,SJIS-F8F0,JIS-F8F0,U+E5A2,SJIS-F7BF,JIS-F7BF,U+E20D,SJIS-F7AD,U+FEB1C,\udbba\udf1c
e-B1D,U+2663,U+2663,U+E690,SJIS-F8F1,JIS-F8F1,U+E5A3,SJIS-F7C0,JIS-F7C0,U+E20F,SJIS-F7AF,U+FEB1D,\udbba\udf1d
e-B1E,U+1F6A,null,U+E67F,SJIS-F8E0,JIS-F8E0,U+E47D,SJIS-F655,JIS-F655,U+E30E,SJIS-F9AE,U+FEB1E,\udbba\udf1e
e-B1F,U+1F6A,null,U+E680,SJIS-F8E1,JIS-F8E1,U+E47E,SJIS-F656,JIS-F656,U+E208,SJIS-F7A8,U+FEB1F,\udbba\udf1f
e-B20,U+267F,U+267F,U+E69B,SJIS-F8FC,JIS-F8FC,U+E47F,SJIS-F657,JIS-F657,U+E20A,SJIS-F7AA,U+FEB20,\udbba\udf20
e-B22,U+1F6A,null,U+E6DE,SJIS-F983,JIS-F983,U+EB2C,SJIS-F3ED,JIS-F3ED,null,null,U+FEB22,\udbba\udf22
e-B23,U+26A0,U+26A0,U+E737,SJIS-F9DC,JIS-F9DC,U+E481,SJIS-F659,JIS-F659,U+E252,SJIS-F7F2,U+FEB23,\udbba\udf23
e-B26,U+26D4,U+26D4,U+E72F,SJIS-F9D4,JIS-7E36,U+E484,SJIS-F65C,JIS-F65C,U+E137,SJIS-F777,U+FEB26,\udbba\udf26
e-B2C,U+267B,U+267B,U+E735,SJIS-F9DA,JIS-F9DA,U+EB79,SJIS-F47D,JIS-F47D,null,null,U+FEB2C,\udbba\udf2c
e-7EB,U+1F6B,null,U+E71D,SJIS-F9C2,JIS-F9C2,U+E4AE,SJIS-F687,JIS-F687,U+E136,SJIS-F776,U+FE7EB,\udbb9\udfeb
e-7F0,U+1F6B,null,U+E733,SJIS-F9D8,JIS-7524,U+EB72,SJIS-F476,JIS-F476,U+E201,SJIS-F7A1,U+FE7F0,\udbb9\udff0
e-B33,U+1F6B,null,null,null,null,null,null,null,U+E138,SJIS-F778,U+FEB33,\udbba\udf33
e-B34,U+1F6B,null,null,null,null,null,null,null,U+E139,SJIS-F779,U+FEB34,\udbba\udf34
e-505,U+1F6C,null,U+E6F7,SJIS-F99C,JIS-7575,U+E5D8,SJIS-F34B,JIS-F34B,U+E13F,SJIS-F780,U+FE505,\udbb9\udd05
e-506,U+1F6B,null,U+E66E,SJIS-F8CF,JIS-F8CF,U+E4A5,SJIS-F67D,JIS-F67D,U+E151,SJIS-F792,U+FE506,\udbb9\udd06
e-507,U+1F6B,null,U+E66E,SJIS-F8CF,JIS-755E,U+E4A5,SJIS-F67D,JIS-755E,U+E140,SJIS-F781,U+FE507,\udbb9\udd07
e-508,U+1F6B,null,U+E66E,SJIS-F8CF,JIS-755E,U+E4A5,SJIS-F67D,JIS-755E,U+E309,SJIS-F9A9,U+FE508,\udbb9\udd08
e-B35,U+1F6B,null,null,null,null,U+EB18,SJIS-F3D9,JIS-7A5B,U+E13A,SJIS-F77A,U+FEB35,\udbba\udf35
e-4F3,U+1F6A,null,U+E714,SJIS-F9B9,JIS-F9B9,null,null,null,null,null,U+FE4F3,\udbb9\udcf3
e-B48,U+1F6A,null,U+E738,SJIS-F9DD,JIS-7E37,U+E541,SJIS-F75D,JIS-F75D,null,null,U+FEB48,\udbba\udf48
e-B49,U+2714,U+2714,null,null,null,U+E557,SJIS-F773,JIS-F773,null,null,U+FEB49,\udbba\udf49
e-B84,U+1F19,null,U+E6DB,SJIS-F980,JIS-F980,U+E5AB,SJIS-F7C8,JIS-F7C8,null,null,U+FEB84,\udbba\udf84
e-B38,U+1F19,null,null,null,null,U+EA85,SJIS-F358,JIS-F358,U+E214,SJIS-F7B4,U+FEB38,\udbba\udf38
e-B21,U+1F19,null,U+E6D7,SJIS-F97B,JIS-F97B,U+E578,SJIS-F795,JIS-F795,null,null,U+FEB21,\udbba\udf21
e-B81,U+1F19,null,U+E6D8,SJIS-F97C,JIS-F97C,U+EA88,SJIS-F35B,JIS-F35B,U+E229,SJIS-F7C9,U+FEB81,\udbba\udf81
e-B36,U+1F19,null,U+E6DD,SJIS-F982,JIS-F982,U+E5B5,SJIS-F7E5,JIS-F7E5,U+E212,SJIS-F7B2,U+FEB36,\udbba\udf36
e-B28,U+1F19,null,U+E72F,SJIS-F9D4,JIS-F9D4,null,null,null,null,null,U+FEB28,\udbba\udf28
e-B27,U+1F19,null,U+E70B,SJIS-F9B0,JIS-F9B0,U+E5AD,SJIS-F7CA,JIS-F7CA,U+E24D,SJIS-F7ED,U+FEB27,\udbba\udf27
e-B4F,U+1F19,null,null,null,null,U+E4E8,SJIS-F6C1,JIS-F6C1,null,null,U+FEB4F,\udbba\udf4f
e-B37,U+1F19,null,null,null,null,U+E50F,SJIS-F6E8,JIS-F6E8,U+E213,SJIS-F7B3,U+FEB37,\udbba\udf37
e-B32,U+1F19,null,null,null,null,U+E5D2,SJIS-F345,JIS-F345,U+E12E,SJIS-F76E,U+FEB32,\udbba\udf32
e-B24,U+1F20,null,null,null,null,null,null,null,U+E203,SJIS-F7A3,U+FEB24,\udbba\udf24
e-B3F,U+1F20,null,null,null,null,U+EA87,SJIS-F35A,JIS-F35A,U+E228,SJIS-F7C8,U+FEB3F,\udbba\udf3f
e-B2E,U+1F23,null,U+E738,SJIS-F9DD,JIS-F9DD,null,null,null,null,null,U+FEB2E,\udbba\udf2e
e-B2F,U+1F23,null,U+E739,SJIS-F9DE,JIS-F9DE,U+EA8A,SJIS-F35D,JIS-F35D,U+E22B,SJIS-F7CB,U+FEB2F,\udbba\udf2f
e-B30,U+1F23,null,U+E73A,SJIS-F9DF,JIS-F9DF,null,null,null,null,null,U+FEB30,\udbba\udf30
e-B31,U+1F23,null,U+E73B,SJIS-F9E0,JIS-F9E0,U+EA89,SJIS-F35C,JIS-F35C,U+E22A,SJIS-F7CA,U+FEB31,\udbba\udf31
e-B39,U+1F23,null,null,null,null,null,null,null,U+E215,SJIS-F7B5,U+FEB39,\udbba\udf39
e-B3A,U+1F21,U+1F21,null,null,null,null,null,null,U+E216,SJIS-F7B6,U+FEB3A,\udbba\udf3a
e-B3B,U+1F23,null,null,null,null,null,null,null,U+E217,SJIS-F7B7,U+FEB3B,\udbba\udf3b
e-B3C,U+1F23,null,null,null,null,null,null,null,U+E218,SJIS-F7B8,U+FEB3C,\udbba\udf3c
e-B3E,U+1F23,null,null,null,null,U+EA86,SJIS-F359,JIS-F359,U+E227,SJIS-F7C7,U+FEB3E,\udbba\udf3e
e-B40,U+1F22,U+1F22,null,null,null,U+EA8B,SJIS-F35E,JIS-F35E,U+E22C,SJIS-F7CC,U+FEB40,\udbba\udf40
e-B41,U+1F23,null,null,null,null,U+EA8C,SJIS-F35F,JIS-F35F,U+E22D,SJIS-F7CD,U+FEB41,\udbba\udf41
e-B2B,U+3299,U+3299,U+E734,SJIS-F9D9,JIS-F9D9,U+E4F1,SJIS-F6CA,JIS-F6CA,U+E315,SJIS-F9B5,U+FEB2B,\udbba\udf2b
e-B43,U+3297,U+3297,null,null,null,U+EA99,SJIS-F36C,JIS-F36C,U+E30D,SJIS-F9AD,U+FEB43,\udbba\udf43
e-B3D,U+1F25,null,null,null,null,U+E4F7,SJIS-F6D0,JIS-F6D0,U+E226,SJIS-F7C6,U+FEB3D,\udbba\udf3d
e-B50,U+1F25,null,null,null,null,U+EB01,SJIS-F7D8,JIS-F7D8,null,null,U+FEB50,\udbba\udf50
e-B51,U+2795,null,null,null,null,U+E53C,SJIS-F758,JIS-F758,null,null,U+FEB51,\udbba\udf51
e-B52,U+2796,null,null,null,null,U+E53D,SJIS-F759,JIS-F759,null,null,U+FEB52,\udbba\udf52
e-B53,U+2716,U+2716,null,null,null,U+E54F,SJIS-F76B,JIS-F76B,U+E333,SJIS-F9D3,U+FEB53,\udbba\udf53
e-B54,U+2797,null,null,null,null,U+E554,SJIS-F770,JIS-F770,null,null,U+FEB54,\udbba\udf54
e-B55,U+1F4A,null,U+E6F8,SJIS-F99D,JIS-F99D,null,null,null,null,null,U+FEB55,\udbba\udf55
e-B56,U+1F4A,null,U+E6FB,SJIS-F9A0,JIS-F9A0,U+E476,SJIS-F64E,JIS-F64E,U+E10F,SJIS-F74F,U+FEB56,\udbba\udf56
e-B57,U+1F4A,null,U+E6FC,SJIS-F9A1,JIS-F9A1,U+E4E5,SJIS-F6BE,JIS-F6BE,U+E334,SJIS-F9D4,U+FEB57,\udbba\udf57
e-B58,U+1F4A,null,U+E6FE,SJIS-F9A3,JIS-F9A3,U+E47A,SJIS-F652,JIS-F652,U+E311,SJIS-F9B1,U+FEB58,\udbba\udf58
e-B59,U+1F4A,null,U+E701,SJIS-F9A6,JIS-F9A6,U+E475,SJIS-F64D,JIS-F64D,U+E13C,SJIS-F77C,U+FEB59,\udbba\udf59
e-B5A,U+1F4A,null,U+E705,SJIS-F9AA,JIS-F9AA,U+E5B0,SJIS-F7CD,JIS-F7CD,null,null,U+FEB5A,\udbba\udf5a
e-B5B,U+1F4A,null,U+E706,SJIS-F9AB,JIS-F9AB,U+E5B1,SJIS-F7CE,JIS-F7CE,U+E331,SJIS-F9D1,U+FEB5B,\udbba\udf5b
e-B5C,U+1F4A,null,U+E707,SJIS-F9AC,JIS-F9AC,U+E4E6,SJIS-F6BF,JIS-F6BF,U+E331,SJIS-F9D1,U+FEB5C,\udbba\udf5c
e-B5D,U+1F4A,null,U+E708,SJIS-F9AD,JIS-F9AD,U+E4F4,SJIS-F6CD,JIS-F6CD,U+E330,SJIS-F9D0,U+FEB5D,\udbba\udf5d
e-4F4,U+1F4A,null,null,null,null,U+E4F5,SJIS-F6CE,JIS-F6CE,U+E05A,SJIS-F99B,U+FE4F4,\udbb9\udcf4
e-B5E,U+1F4A,null,null,null,null,U+E4E9,SJIS-F6C2,JIS-F6C2,U+E14C,SJIS-F78D,U+FEB5E,\udbba\udf5e
e-B5F,U+1F4A,null,null,null,null,U+EB5C,SJIS-F460,JIS-F460,U+E407,SJIS-FB47,U+FEB5F,\udbba\udf5f
e-532,U+1F4A,null,null,null,null,U+E4FD,SJIS-F6D6,JIS-F6D6,null,null,U+FE532,\udbb9\udd32
e-B60,U+2728,null,U+E6FA,SJIS-F99F,JIS-F99F,U+EAAB,SJIS-F37E,JIS-F37E,U+E32E,SJIS-F9CE,U+FEB60,\udbba\udf60
e-B61,U+2734,U+2734,U+E6F8,SJIS-F99D,JIS-7E29,U+E479,SJIS-F651,JIS-F651,U+E205,SJIS-F7A5,U+FEB61,\udbba\udf61
e-B62,U+2733,U+2733,U+E6F8,SJIS-F99D,JIS-7E29,U+E53E,SJIS-F75A,JIS-F75A,U+E206,SJIS-F7A6,U+FEB62,\udbba\udf62
e-B65,U+26AA,U+26AA,U+E69C,SJIS-F940,JIS-7847,U+E53A,SJIS-F756,JIS-F756,U+E219,SJIS-F7B9,U+FEB65,\udbba\udf65
e-B66,U+26AB,U+26AB,U+E69C,SJIS-F940,JIS-7847,U+E53B,SJIS-F757,JIS-F757,U+E219,SJIS-F7B9,U+FEB66,\udbba\udf66
e-B63,U+1F53,null,U+E69C,SJIS-F940,JIS-7847,U+E54A,SJIS-F766,JIS-F766,U+E219,SJIS-F7B9,U+FEB63,\udbba\udf63
e-B64,U+1F53,null,U+E69C,SJIS-F940,JIS-7847,U+E54B,SJIS-F767,JIS-F767,U+E21A,SJIS-F7BA,U+FEB64,\udbba\udf64
e-BA3,U+1F53,null,U+E69C,SJIS-F940,JIS-7847,U+E54B,SJIS-F767,JIS-7748,U+E21A,SJIS-F7BA,U+FEB64,\udbba\udf64
e-B67,U+1F53,null,U+E69C,SJIS-F940,JIS-7847,U+E54B,SJIS-F767,JIS-7748,U+E21B,SJIS-F7BB,U+FEB67,\udbba\udf67
e-B68,U+2B50,U+2B50,null,null,null,U+E48B,SJIS-F663,JIS-F663,U+E32F,SJIS-F9CF,U+FEB68,\udbba\udf68
e-B6B,U+2B1C,U+2B1C,null,null,null,U+E548,SJIS-F764,JIS-F764,U+E21B,SJIS-F7BB,U+FEB6B,\udbba\udf6b
e-B6C,U+2B1B,U+2B1B,null,null,null,U+E549,SJIS-F765,JIS-F765,U+E21A,SJIS-F7BA,U+FEB6C,\udbba\udf6c
e-B6D,U+25AB,U+25AB,null,null,null,U+E531,SJIS-F74D,JIS-F74D,U+E21B,SJIS-F7BB,U+FEB6D,\udbba\udf6d
e-B6E,U+25AA,U+25AA,null,null,null,U+E532,SJIS-F74E,JIS-F74E,U+E21A,SJIS-F7BA,U+FEB6E,\udbba\udf6e
e-B6F,U+25FD,U+25FD,null,null,null,U+E534,SJIS-F750,JIS-F750,U+E21B,SJIS-F7BB,U+FEB6F,\udbba\udf6f
e-B70,U+25FE,U+25FE,null,null,null,U+E535,SJIS-F751,JIS-F751,U+E21A,SJIS-F7BA,U+FEB70,\udbba\udf70
e-B71,U+25FB,U+25FB,null,null,null,U+E538,SJIS-F754,JIS-F754,U+E21B,SJIS-F7BB,U+FEB71,\udbba\udf71
e-B72,U+25FC,U+25FC,null,null,null,U+E539,SJIS-F755,JIS-F755,U+E21A,SJIS-F7BA,U+FEB72,\udbba\udf72
e-B73,U+1F53,null,null,null,null,U+E546,SJIS-F762,JIS-F762,U+E21B,SJIS-F7BB,U+FEB73,\udbba\udf73
e-B74,U+1F53,null,null,null,null,U+E547,SJIS-F763,JIS-F763,U+E21B,SJIS-F7BB,U+FEB74,\udbba\udf74
e-B75,U+1F53,null,null,null,null,U+E536,SJIS-F752,JIS-F752,U+E21B,SJIS-F7BB,U+FEB75,\udbba\udf75
e-B76,U+1F53,null,null,null,null,U+E537,SJIS-F753,JIS-F753,U+E21B,SJIS-F7BB,U+FEB76,\udbba\udf76
e-B77,U+2747,U+2747,U+E6FA,SJIS-F99F,JIS-795F,U+E46C,SJIS-F644,JIS-F644,U+E32E,SJIS-F9CE,U+FEB77,\udbba\udf77
e-B7A,U+1F4A,null,null,null,null,U+E4F0,SJIS-F6C9,JIS-F6C9,null,null,U+FEB7A,\udbba\udf7a
e-B7B,U+1F4A,null,null,null,null,U+E4F2,SJIS-F6CB,JIS-F6CB,null,null,U+FEB7B,\udbba\udf7b
e-B83,U+21A9,U+21A9,U+E6DA,SJIS-F97E,JIS-F97E,U+E55D,SJIS-F779,JIS-F779,null,null,U+FEB83,\udbba\udf83
e-B88,U+21AA,U+21AA,null,null,null,U+E55C,SJIS-F778,JIS-F778,null,null,U+FEB88,\udbba\udf88
e-B91,U+1F50,null,U+E735,SJIS-F9DA,JIS-7B5E,U+EB0D,SJIS-F7E4,JIS-F7E4,null,null,U+FEB91,\udbba\udf91
e-821,U+1F50,null,null,null,null,U+E511,SJIS-F6EA,JIS-F6EA,U+E141,SJIS-F782,U+FE821,\udbba\udc21
e-4FC,U+1F50,null,null,null,null,U+E584,SJIS-F7A1,JIS-F7A1,null,null,U+FE4FC,\udbb9\udcfc
e-4FE,U+1F50,null,null,null,null,U+E589,SJIS-F7A6,JIS-F7A6,null,null,U+FE4FE,\udbb9\udcfe
e-B85,U+1F50,null,U+E6DC,SJIS-F981,JIS-F981,U+E518,SJIS-F6F1,JIS-F6F1,U+E114,SJIS-F754,U+FEB85,\udbba\udf85
e-B8D,U+1F50,null,U+E6DC,SJIS-F981,JIS-7673,U+EB05,SJIS-F7DC,JIS-F7DC,U+E114,SJIS-F754,U+FEB8D,\udbba\udf8d
e-B86,U+1F51,null,U+E6D9,SJIS-F97D,JIS-7674,U+E51C,SJIS-F6F5,JIS-F6F5,U+E144,SJIS-F785,U+FEB86,\udbba\udf86
e-B87,U+1F51,null,U+E6D9,SJIS-F97D,JIS-7674,U+E51C,SJIS-F6F5,JIS-7677,U+E145,SJIS-F786,U+FEB87,\udbba\udf87
e-B90,U+1F50,null,U+E6D9,SJIS-F97D,JIS-7674,U+EB0C,SJIS-F7E3,JIS-F7E3,U+E144,SJIS-F785,U+FEB90,\udbba\udf90
e-B8A,U+1F51,null,U+E6D9,SJIS-F97D,JIS-7674,U+EAFC,SJIS-F7D3,JIS-F7D3,U+E144,SJIS-F785,U+FEB8A,\udbba\udf8a
e-B82,U+1F51,null,U+E6D9,SJIS-F97D,JIS-F97D,U+E519,SJIS-F6F2,JIS-F6F2,U+E03F,SJIS-F980,U+FEB82,\udbba\udf82
e-4F2,U+1F51,null,U+E713,SJIS-F9B8,JIS-F9B8,U+E512,SJIS-F6EB,JIS-F6EB,U+E325,SJIS-F9C5,U+FE4F2,\udbb9\udcf2
e-B8B,U+2611,U+2611,null,null,null,U+EB02,SJIS-F7D9,JIS-F7D9,null,null,U+FEB8B,\udbba\udf8b
e-B8C,U+1F51,null,null,null,null,U+EB04,SJIS-F7DB,JIS-F7DB,null,null,U+FEB8C,\udbba\udf8c
e-B8F,U+1F51,null,null,null,null,U+EB07,SJIS-F7DE,JIS-F7DE,null,null,U+FEB8F,\udbba\udf8f
e-B4B,U+1F51,null,null,null,null,U+E58A,SJIS-F7A7,JIS-F7A7,null,null,U+FEB4B,\udbba\udf4b
e-B8E,U+1F51,null,null,null,null,U+EB06,SJIS-F7DD,JIS-F7DD,U+E235,SJIS-F7D5,U+FEB8E,\udbba\udf8e
e-01A,U+1F51,null,U+E6B9,SJIS-F95D,JIS-F95D,null,null,null,null,null,U+FE01A,\udbb8\udc1a
e-019,U+1F51,null,U+E6B8,SJIS-F95C,JIS-F95C,null,null,null,null,null,U+FE019,\udbb8\udc19
e-018,U+1F51,null,U+E6B7,SJIS-F95B,JIS-F95B,null,null,null,null,null,U+FE018,\udbb8\udc18
e-B42,U+1F51,null,null,null,null,null,null,null,U+E24C,SJIS-F7EC,U+FEB42,\udbba\udf42
e-B4C,U+2003,U+2003,null,null,null,U+E58C,SJIS-F7A9,JIS-F7A9,null,null,U+FEB4C,\udbba\udf4c
e-B4D,U+2002,U+2002,null,null,null,U+E58D,SJIS-F7AA,JIS-F7AA,null,null,U+FEB4D,\udbba\udf4d
e-B4E,U+2005,U+2005,null,null,null,U+E58E,SJIS-F7AB,JIS-F7AB,null,null,U+FEB4E,\udbba\udf4e
e-B4A,U+2705,null,null,null,null,U+E55E,SJIS-F77A,JIS-F77A,null,null,U+FEB4A,\udbba\udf4a
e-B93,U+270A,null,U+E693,SJIS-F8F4,JIS-F8F4,U+EB83,SJIS-F488,JIS-F488,U+E010,SJIS-F950,U+FEB93,\udbba\udf93
e-B95,U+270B,null,U+E695,SJIS-F8F6,JIS-F8F6,U+E5A7,SJIS-F7C4,JIS-F7C4,U+E012,SJIS-F952,U+FEB95,\udbba\udf95
e-B94,U+270C,U+270C,U+E694,SJIS-F8F5,JIS-F8F5,U+E5A6,SJIS-F7C3,JIS-F7C3,U+E011,SJIS-F951,U+FEB94,\udbba\udf94
e-B96,U+1F44,null,U+E6FD,SJIS-F9A2,JIS-F9A2,U+E4F3,SJIS-F6CC,JIS-F6CC,U+E00D,SJIS-F94D,U+FEB96,\udbba\udf96
e-B97,U+1F44,null,U+E727,SJIS-F9CC,JIS-F9CC,U+E4F9,SJIS-F6D2,JIS-F6D2,U+E00E,SJIS-F94E,U+FEB97,\udbba\udf97
e-B98,U+261D,U+261D,null,null,null,U+E4F6,SJIS-F6CF,JIS-F6CF,U+E00F,SJIS-F94F,U+FEB98,\udbba\udf98
e-B99,U+1F44,null,null,null,null,U+EA8D,SJIS-F360,JIS-F360,U+E22E,SJIS-F7CE,U+FEB99,\udbba\udf99
e-B9A,U+1F44,null,null,null,null,U+EA8E,SJIS-F361,JIS-F361,U+E22F,SJIS-F7CF,U+FEB9A,\udbba\udf9a
e-B9B,U+1F44,null,null,null,null,U+E4FF,SJIS-F6D8,JIS-F6D8,U+E230,SJIS-F7D0,U+FEB9B,\udbba\udf9b
e-B9C,U+1F44,null,null,null,null,U+E500,SJIS-F6D9,JIS-F6D9,U+E231,SJIS-F7D1,U+FEB9C,\udbba\udf9c
e-B9D,U+1F44,null,U+E695,SJIS-F8F6,JIS-7846,U+EAD6,SJIS-F3AA,JIS-F3AA,U+E41E,SJIS-FB5E,U+FEB9D,\udbba\udf9d
e-B9E,U+1F44,null,null,null,null,U+EAD3,SJIS-F3A7,JIS-F3A7,U+E41F,SJIS-FB5F,U+FEB9E,\udbba\udf9e
e-B9F,U+1F44,null,U+E70B,SJIS-F9B0,JIS-784C,U+EAD4,SJIS-F3A8,JIS-F3A8,U+E420,SJIS-FB60,U+FEB9F,\udbba\udf9f
e-BA0,U+1F44,null,U+E700,SJIS-F9A5,JIS-7A71,U+EAD5,SJIS-F3A9,JIS-F3A9,U+E421,SJIS-FB61,U+FEBA0,\udbba\udfa0
e-BA1,U+1F45,null,U+E695,SJIS-F8F6,JIS-7846,U+EAD6,SJIS-F3AA,JIS-7A2C,U+E422,SJIS-FB62,U+FEBA1,\udbba\udfa1